SEASON_YEAR,TEAM_ID,TEAM_ABBREVIATION,TEAM_NAME,GAME_ID,GAME_DATE,MATCHUP,WL,MIN,FGM,FGA,FG_PCT,FG3M,FG3A,FG3_PCT,FTM,FTA,FT_PCT,OREB,DREB,REB,AST,TOV,STL,BLK,BLKA,PF,PFD,PTS,PLUS_MINUS,GP_RANK,W_RANK,L_RANK,W_PCT_RANK,MIN_RANK,FGM_RANK,FGA_RANK,FG_PCT_RANK,FG3M_RANK,FG3A_RANK,FG3_PCT_RANK,FTM_RANK,FTA_RANK,FT_PCT_RANK,OREB_RANK,DREB_RANK,REB_RANK,AST_RANK,TOV_RANK,STL_RANK,BLK_RANK,BLKA_RANK,PF_RANK,PFD_RANK,PTS_RANK,PLUS_MINUS_RANK,AVAILABLE_FLAG,SEASON
2021-22,1610612752,NYK,New York Knicks,0022101226,2022-04-10T00:00:00,NYK vs. TOR,W,48.0,40,87,0.46,15,43,0.349,10,12,0.833,10,38,48,32,17.0,6,5,2,17,17,105,11.0,1,1,1,1,4,20,32,27,25,13,42,72,77,17,51,22,31,2,67,47,29,8,12,65,45,18,1,2021-22
2021-22,1610612752,NYK,New York Knicks,0022101204,2022-04-08T00:00:00,NYK @ WAS,W,48.0,41,88,0.466,16,39,0.41,16,20,0.8,10,32,42,27,10.0,13,3,5,19,19,114,22.0,1,1,1,1,4,17,27,22,13,29,20,52,58,29,51,53,55,8,8,1,59,42,24,42,19,7,1,2021-22
2021-22,1610612752,NYK,New York Knicks,0022101191,2022-04-06T00:00:00,NYK vs. BKN,L,48.0,32,83,0.386,13,38,0.342,21,36,0.583,10,32,42,22,11.0,4,7,6,19,26,98,-12.0,1,38,38,38,4,70,50,70,34,32,48,25,3,73,51,53,55,36,18,69,14,59,24,6,65,63,1,2021-22
2021-22,1610612752,NYK,New York Knicks,0022101171,2022-04-03T00:00:00,NYK @ ORL,W,48.0,45,93,0.484,15,44,0.341,13,16,0.813,13,43,56,29,10.0,9,7,2,22,12,118,30.0,1,1,1,1,4,3,8,13,25,10,49,63,69,25,29,3,4,5,8,12,14,8,54,80,9,1,1,2021-22
2021-22,1610612752,NYK,New York Knicks,0022101162,2022-04-02T00:00:00,NYK vs. CLE,L,48.0,31,77,0.403,13,30,0.433,26,34,0.765,6,29,35,19,11.0,6,4,3,19,24,101,-18.0,1,38,38,38,4,72,79,63,34,69,13,5,11,44,75,68,79,58,18,47,41,17,24,17,58,79,1,2021-22
2021-22,1610612752,NYK,New York Knicks,0022101140,2022-03-30T00:00:00,NYK vs. CHA,L,48.0,40,85,0.471,16,44,0.364,18,26,0.692,11,32,43,23,14.0,5,5,3,19,21,114,-11.0,1,38,38,38,4,20,39,18,13,10,36,42,31,61,38,53,54,26,44,60,29,17,24,34,19,61,1,2021-22
2021-22,1610612752,NYK,New York Knicks,0022101126,2022-03-28T00:00:00,NYK vs. CHI,W,48.0,38,89,0.427,12,35,0.343,21,35,0.6,13,33,46,19,6.0,4,4,3,22,24,109,5.0,1,1,1,1,4,39,25,51,48,49,47,25,8,72,29,49,40,58,1,69,41,17,54,17,31,31,1,2021-22
2021-22,1610612752,NYK,New York Knicks,0022101115,2022-03-27T00:00:00,NYK @ DET,W,48.0,34,85,0.4,13,41,0.317,23,29,0.793,13,38,51,19,14.0,8,8,5,16,21,104,2.0,1,1,1,1,4,67,39,64,34,19,59,16,21,33,29,22,21,58,44,20,9,42,10,34,48,35,1,2021-22
2021-22,1610612752,NYK,New York Knicks,0022101103,2022-03-25T00:00:00,NYK @ MIA,W,48.0,36,82,0.439,17,50,0.34,22,28,0.786,17,25,42,23,11.0,8,2,3,24,25,111,8.0,1,1,1,1,4,51,59,39,9,2,51,19,23,36,5,77,55,26,18,20,70,17,68,12,25,23,1,2021-22
2021-22,1610612752,NYK,New York Knicks,0022101084,2022-03-23T00:00:00,NYK @ CHA,W,48.0,43,83,0.518,20,45,0.444,15,17,0.882,6,34,40,30,9.0,5,3,4,17,18,121,15.0,1,1,1,1,4,8,50,2,2,8,7,57,65,9,75,40,65,4,3,60,59,32,12,51,6,10,1,2021-22
2021-22,1610612752,NYK,New York Knicks,0022101081,2022-03-22T00:00:00,NYK vs. ATL,L,48.0,42,86,0.488,13,34,0.382,14,26,0.538,14,27,41,20,14.0,12,4,5,23,18,111,-6.0,1,38,38,38,4,10,35,9,34,52,27,60,31,76,18,74,61,50,44,2,41,42,61,51,25,48,1,2021-22
2021-22,1610612752,NYK,New York Knicks,0022101067,2022-03-20T00:00:00,NYK vs. UTA,L,48.0,31,83,0.373,16,40,0.4,15,21,0.714,10,27,37,20,11.0,7,2,11,19,17,93,-15.0,1,38,38,38,4,72,50,75,13,22,22,57,52,55,51,74,74,50,18,34,70,80,24,65,75,69,1,2021-22
2021-22,1610612752,NYK,New York Knicks,0022101050,2022-03-18T00:00:00,NYK vs. WAS,W,48.0,31,90,0.344,10,33,0.303,28,36,0.778,19,41,60,18,13.0,9,3,6,20,27,100,3.0,1,1,1,1,4,72,18,82,67,58,65,3,3,37,3,8,1,68,36,12,59,59,36,3,60,33,1,2021-22
2021-22,1610612752,NYK,New York Knicks,0022101037,2022-03-16T00:00:00,NYK vs. POR,W,48.0,40,80,0.5,16,38,0.421,32,39,0.821,9,38,47,31,11.0,9,8,3,14,31,128,30.0,1,1,1,1,4,20,70,6,13,32,17,1,1,22,59,22,36,3,18,12,9,17,5,1,3,1,1,2021-22
2021-22,1610612752,NYK,New York Knicks,0022101012,2022-03-13T00:00:00,NYK @ BKN,L,48.0,39,83,0.47,11,29,0.379,18,21,0.857,11,29,40,27,17.0,8,5,3,21,19,107,-3.0,1,38,38,38,4,29,50,19,58,71,29,42,52,11,38,68,65,8,67,20,29,17,44,42,39,42,1,2021-22
2021-22,1610612752,NYK,New York Knicks,0022101000,2022-03-11T00:00:00,NYK @ MEM,L,48.0,38,90,0.422,10,25,0.4,28,37,0.757,15,39,54,23,16.0,8,6,16,31,27,114,-4.0,1,38,38,38,4,39,18,54,67,81,22,3,2,45,11,16,12,26,63,20,21,82,81,3,19,44,1,2021-22
2021-22,1610612752,NYK,New York Knicks,0022100988,2022-03-09T00:00:00,NYK @ DAL,W,48.0,36,84,0.429,9,34,0.265,26,33,0.788,14,41,55,20,13.0,3,3,4,25,24,107,30.0,1,1,1,1,4,51,46,47,70,52,73,5,13,35,18,8,8,50,36,77,59,32,71,17,39,1,1,2021-22
2021-22,1610612752,NYK,New York Knicks,0022100974,2022-03-07T00:00:00,NYK @ SAC,W,48.0,47,92,0.511,18,42,0.429,19,23,0.826,9,38,47,19,9.0,7,6,2,31,16,131,16.0,1,1,1,1,4,2,11,4,5,16,16,39,44,20,59,22,36,58,3,34,21,8,81,71,2,9,1,2021-22
2021-22,1610612752,NYK,New York Knicks,0022100966,2022-03-06T00:00:00,NYK @ LAC,W,48.0,42,89,0.472,13,29,0.448,19,30,0.633,15,42,57,19,10.0,4,5,5,18,23,116,23.0,1,1,1,1,4,10,25,16,34,71,5,39,18,69,11,6,3,58,8,69,29,42,20,24,12,5,1,2021-22
2021-22,1610612752,NYK,New York Knicks,0022100953,2022-03-04T00:00:00,NYK @ PHX,L,48.0,40,86,0.465,13,29,0.448,21,30,0.7,12,37,49,23,14.0,7,5,3,22,22,114,-1.0,1,38,38,38,4,20,35,23,34,71,5,25,18,59,35,28,28,26,44,34,29,17,54,29,19,38,1,2021-22
2021-22,1610612752,NYK,New York Knicks,0022100934,2022-03-02T00:00:00,NYK @ PHI,L,48.0,39,91,0.429,8,28,0.286,22,32,0.688,10,30,40,20,10.0,9,3,8,25,25,108,-15.0,1,38,38,38,4,29,13,47,76,76,71,19,16,62,51,66,65,50,8,12,59,74,71,12,34,69,1,2021-22
2021-22,1610612752,NYK,New York Knicks,0022100912,2022-02-27T00:00:00,NYK vs. PHI,L,48.0,38,85,0.447,11,33,0.333,22,35,0.629,12,35,47,21,18.0,6,2,5,24,26,109,-16.0,1,38,38,38,4,39,39,33,58,58,52,19,8,70,35,36,36,44,74,47,70,42,68,6,31,76,1,2021-22
2021-22,1610612752,NYK,New York Knicks,0022100900,2022-02-25T00:00:00,NYK vs. MIA,L,48.0,30,75,0.4,14,40,0.35,26,36,0.722,5,40,45,19,18.0,4,1,5,30,28,100,-15.0,1,38,38,38,4,77,82,64,31,22,40,5,3,53,78,14,43,58,74,69,76,42,79,2,60,69,1,2021-22
2021-22,1610612752,NYK,New York Knicks,0022100877,2022-02-16T00:00:00,NYK vs. BKN,L,48.0,37,85,0.435,16,43,0.372,16,18,0.889,10,34,44,22,10.0,7,9,1,17,16,106,-5.0,1,38,38,38,4,44,39,42,13,13,33,52,63,7,51,40,48,36,8,34,6,1,12,71,42,47,1,2021-22
2021-22,1610612752,NYK,New York Knicks,0022100860,2022-02-14T00:00:00,NYK vs. OKC,L,53.0,45,108,0.417,15,50,0.3,18,22,0.818,19,37,56,28,14.0,8,12,1,25,19,123,-4.0,1,38,38,38,2,3,1,58,25,2,66,42,47,23,3,28,4,6,44,20,1,1,71,42,4,44,1,2021-22
2021-22,1610612752,NYK,New York Knicks,0022100845,2022-02-12T00:00:00,NYK @ POR,L,48.0,31,81,0.383,12,39,0.308,29,34,0.853,9,32,41,19,13.0,6,6,2,24,26,103,-9.0,1,38,38,38,4,72,65,71,48,29,63,2,11,12,59,53,61,58,36,47,21,8,68,6,54,56,1,2021-22
2021-22,1610612752,NYK,New York Knicks,0022100837,2022-02-10T00:00:00,NYK @ GSW,W,48.0,39,90,0.433,14,36,0.389,24,33,0.727,16,35,51,24,15.0,3,3,5,18,24,116,2.0,1,1,1,1,4,29,18,44,31,42,26,10,13,50,8,36,21,20,54,77,59,42,20,17,12,35,1,2021-22
2021-22,1610612752,NYK,New York Knicks,0022100821,2022-02-08T00:00:00,NYK @ DEN,L,48.0,45,101,0.446,15,43,0.349,10,12,0.833,14,27,41,25,9.0,9,3,1,25,18,115,-17.0,1,38,38,38,4,3,3,35,25,13,42,72,77,17,18,74,61,14,3,12,59,1,71,51,16,77,1,2021-22
2021-22,1610612752,NYK,New York Knicks,0022100814,2022-02-07T00:00:00,NYK @ UTA,L,48.0,36,95,0.379,8,33,0.242,24,35,0.686,20,36,56,18,16.0,8,3,6,23,26,104,-9.0,1,38,38,38,4,51,7,73,76,58,78,10,8,63,1,34,4,68,63,20,59,59,61,6,48,56,1,2021-22
2021-22,1610612752,NYK,New York Knicks,0022100799,2022-02-05T00:00:00,NYK @ LAL,L,53.0,39,98,0.398,11,38,0.289,26,36,0.722,15,41,56,24,14.0,8,4,7,26,23,115,-7.0,1,38,38,38,2,29,5,67,58,32,70,5,3,53,11,8,4,20,44,20,41,69,76,24,16,52,1,2021-22
2021-22,1610612752,NYK,New York Knicks,0022100776,2022-02-02T00:00:00,NYK vs. MEM,L,48.0,38,88,0.432,12,36,0.333,20,26,0.769,13,35,48,23,15.0,5,10,5,19,18,108,-12.0,1,38,38,38,4,39,27,45,48,42,52,32,31,40,29,36,31,26,54,60,3,42,24,51,34,63,1,2021-22
2021-22,1610612752,NYK,New York Knicks,0022100763,2022-01-31T00:00:00,NYK vs. SAC,W,48.0,40,80,0.5,13,35,0.371,23,29,0.793,8,39,47,25,17.0,12,5,5,20,23,116,20.0,1,1,1,1,4,20,70,6,34,49,34,16,21,33,64,16,36,14,67,2,29,42,36,24,12,8,1,2021-22
2021-22,1610612752,NYK,New York Knicks,0022100744,2022-01-28T00:00:00,NYK @ MIL,L,48.0,39,84,0.464,14,40,0.35,16,28,0.571,11,34,45,21,14.0,6,4,1,23,24,108,-15.0,1,38,38,38,4,29,46,24,31,22,40,52,23,74,38,40,43,44,44,47,41,1,61,17,34,69,1,2021-22
2021-22,1610612752,NYK,New York Knicks,0022100727,2022-01-26T00:00:00,NYK @ MIA,L,48.0,35,83,0.422,15,44,0.341,11,17,0.647,15,29,44,24,18.0,8,4,3,23,23,96,-14.0,1,38,38,38,4,59,50,55,25,10,49,67,65,68,11,68,48,20,74,20,41,17,61,24,70,67,1,2021-22
2021-22,1610612752,NYK,New York Knicks,0022100709,2022-01-24T00:00:00,NYK @ CLE,L,48.0,35,84,0.417,12,38,0.316,11,21,0.524,11,34,45,21,12.0,11,1,1,19,18,93,-2.0,1,38,38,38,4,59,46,58,48,32,60,67,52,78,38,40,43,44,31,7,76,1,24,51,75,39,1,2021-22
2021-22,1610612752,NYK,New York Knicks,0022100698,2022-01-23T00:00:00,NYK vs. LAC,W,48.0,39,91,0.429,16,36,0.444,16,19,0.842,15,37,52,26,13.0,6,4,6,22,19,110,8.0,1,1,1,1,4,29,13,47,13,42,7,52,60,14,11,28,16,13,36,47,41,59,54,42,28,23,1,2021-22
2021-22,1610612752,NYK,New York Knicks,0022100681,2022-01-20T00:00:00,NYK vs. NOP,L,48.0,29,77,0.377,9,38,0.237,24,36,0.667,14,34,48,21,15.0,6,5,2,21,26,91,-11.0,1,38,38,38,4,80,79,74,70,32,79,10,3,65,18,40,31,44,54,47,29,8,44,6,78,61,1,2021-22
2021-22,1610612752,NYK,New York Knicks,0022100666,2022-01-18T00:00:00,NYK vs. MIN,L,48.0,37,80,0.463,12,38,0.316,24,33,0.727,11,33,44,21,18.0,6,7,6,30,25,110,-2.0,1,38,38,38,4,44,70,25,48,32,60,10,13,50,38,49,48,44,74,47,14,59,79,12,28,39,1,2021-22
2021-22,1610612752,NYK,New York Knicks,0022100655,2022-01-17T00:00:00,NYK vs. CHA,L,48.0,32,80,0.4,12,34,0.353,11,21,0.524,14,39,53,22,15.0,7,4,2,19,14,87,-10.0,1,38,38,38,4,70,70,64,48,52,39,67,52,78,18,16,15,36,54,34,41,8,24,76,79,60,1,2021-22
2021-22,1610612752,NYK,New York Knicks,0022100643,2022-01-15T00:00:00,NYK @ ATL,W,48.0,42,83,0.506,13,31,0.419,20,26,0.769,11,33,44,24,11.0,2,0,5,20,20,117,9.0,1,1,1,1,4,10,50,5,34,65,19,32,31,40,38,49,48,20,18,80,81,42,36,37,10,20,1,2021-22
2021-22,1610612752,NYK,New York Knicks,0022100622,2022-01-12T00:00:00,NYK vs. DAL,W,48.0,42,90,0.467,12,27,0.444,12,15,0.8,11,43,54,24,9.0,5,4,2,21,18,108,23.0,1,1,1,1,4,10,18,21,48,78,7,64,71,29,38,3,12,20,3,60,41,8,44,51,34,5,1,2021-22
2021-22,1610612752,NYK,New York Knicks,0022100610,2022-01-10T00:00:00,NYK vs. SAS,W,48.0,40,82,0.488,13,32,0.406,18,24,0.75,9,40,49,23,15.0,7,9,7,22,18,111,15.0,1,1,1,1,4,20,59,10,34,63,21,42,40,46,59,14,28,26,54,34,6,69,54,51,25,10,1,2021-22
2021-22,1610612752,NYK,New York Knicks,0022100595,2022-01-08T00:00:00,NYK @ BOS,L,48.0,29,79,0.367,11,31,0.355,6,15,0.4,11,29,40,13,14.0,8,4,8,15,15,75,-24.0,1,38,38,38,4,80,76,79,58,65,38,80,71,81,38,68,65,80,44,20,41,74,8,74,82,82,1,2021-22
2021-22,1610612752,NYK,New York Knicks,0022100578,2022-01-06T00:00:00,NYK vs. BOS,W,48.0,40,90,0.444,18,36,0.5,10,15,0.667,11,31,42,23,11.0,8,1,10,17,16,108,3.0,1,1,1,1,4,20,18,36,5,42,2,72,71,65,38,63,55,26,18,20,76,79,12,71,34,33,1,2021-22
2021-22,1610612752,NYK,New York Knicks,0022100564,2022-01-04T00:00:00,NYK vs. IND,W,48.0,39,80,0.488,6,28,0.214,20,28,0.714,14,37,51,17,10.0,6,0,3,23,20,104,10.0,1,1,1,1,4,29,70,11,81,76,80,32,23,55,18,28,21,73,8,47,81,17,61,37,48,19,1,2021-22
2021-22,1610612752,NYK,New York Knicks,0022100545,2022-01-02T00:00:00,NYK @ TOR,L,48.0,35,78,0.449,12,36,0.333,23,28,0.821,7,23,30,22,18.0,11,4,5,26,27,105,-15.0,1,38,38,38,4,59,77,32,48,42,52,16,23,21,69,82,82,36,74,7,41,42,76,3,45,69,1,2021-22
2021-22,1610612752,NYK,New York Knicks,0022100536,2021-12-31T00:00:00,NYK @ OKC,L,48.0,30,81,0.37,8,41,0.195,12,22,0.545,5,43,48,12,10.0,6,3,3,12,17,80,-15.0,1,38,38,38,4,77,65,76,76,19,82,64,47,75,78,3,31,82,8,47,59,17,1,65,81,69,1,2021-22
2021-22,1610612752,NYK,New York Knicks,0022100516,2021-12-29T00:00:00,NYK @ DET,W,48.0,31,81,0.383,8,31,0.258,24,27,0.889,11,37,48,19,17.0,11,5,5,14,23,94,9.0,1,1,1,1,4,72,65,71,76,65,76,10,27,7,38,28,31,58,67,7,29,42,5,24,74,20,1,2021-22
2021-22,1610612752,NYK,New York Knicks,0022100512,2021-12-28T00:00:00,NYK @ MIN,W,48.0,37,90,0.411,16,40,0.4,6,16,0.375,15,39,54,20,16.0,5,4,11,20,22,96,8.0,1,1,1,1,4,44,18,62,13,22,22,80,69,82,11,16,12,50,63,60,41,80,36,29,70,23,1,2021-22
2021-22,1610612752,NYK,New York Knicks,0022100488,2021-12-25T00:00:00,NYK vs. ATL,W,48.0,38,85,0.447,20,50,0.4,5,12,0.417,9,41,50,28,10.0,6,6,5,13,12,101,14.0,1,1,1,1,4,39,39,33,2,2,22,82,77,80,59,8,26,6,8,47,21,42,3,80,58,13,1,2021-22
2021-22,1610612752,NYK,New York Knicks,0022100480,2021-12-23T00:00:00,NYK vs. WAS,L,48.0,42,93,0.452,13,42,0.31,20,23,0.87,14,30,44,17,7.0,2,1,6,21,18,117,-7.0,1,38,38,38,4,10,8,30,34,16,62,32,44,10,18,66,48,73,2,80,76,59,44,51,10,52,1,2021-22
2021-22,1610612752,NYK,New York Knicks,0022100466,2021-12-21T00:00:00,NYK vs. DET,W,48.0,40,90,0.444,11,33,0.333,14,19,0.737,13,39,52,22,13.0,5,7,4,19,18,105,14.0,1,1,1,1,4,20,18,36,58,58,52,60,60,49,29,16,16,36,36,60,14,32,24,51,45,13,1,2021-22
2021-22,1610612752,NYK,New York Knicks,0022100445,2021-12-18T00:00:00,NYK @ BOS,L,48.0,35,80,0.438,13,36,0.361,24,30,0.8,8,34,42,18,14.0,8,6,3,21,20,107,-7.0,1,38,38,38,4,59,70,41,34,42,37,10,18,29,64,40,55,68,44,20,21,17,44,37,39,52,1,2021-22
2021-22,1610612752,NYK,New York Knicks,0022100431,2021-12-16T00:00:00,NYK @ HOU,W,48.0,39,83,0.47,17,36,0.472,21,25,0.84,15,25,40,25,12.0,8,6,4,26,25,116,13.0,1,1,1,1,4,29,50,19,9,42,4,25,37,15,11,77,65,14,31,20,21,32,76,12,12,15,1,2021-22
2021-22,1610612752,NYK,New York Knicks,0022100414,2021-12-14T00:00:00,NYK vs. GSW,L,48.0,30,83,0.361,16,42,0.381,20,22,0.909,4,31,35,18,9.0,6,6,6,21,22,96,-9.0,1,38,38,38,4,77,50,80,13,16,28,32,47,5,81,63,79,68,3,47,21,59,44,29,70,56,1,2021-22
2021-22,1610612752,NYK,New York Knicks,0022100398,2021-12-12T00:00:00,NYK vs. MIL,L,48.0,35,82,0.427,17,49,0.347,10,13,0.769,8,29,37,27,17.0,12,2,1,16,12,97,-15.0,1,38,38,38,4,59,59,52,9,5,44,72,75,40,64,68,74,8,67,2,70,1,10,80,68,69,1,2021-22
2021-22,1610612752,NYK,New York Knicks,0022100385,2021-12-10T00:00:00,NYK @ TOR,L,48.0,29,81,0.358,9,34,0.265,20,24,0.833,14,41,55,18,15.0,4,2,7,17,19,87,-3.0,1,38,38,38,4,80,65,81,70,52,73,32,40,17,18,8,8,68,54,69,70,69,12,42,79,42,1,2021-22
2021-22,1610612752,NYK,New York Knicks,0022100369,2021-12-08T00:00:00,NYK @ IND,L,48.0,36,86,0.419,9,30,0.3,21,23,0.913,11,25,36,17,13.0,6,8,4,20,19,102,-20.0,1,38,38,38,4,51,35,57,70,69,66,25,44,4,38,77,78,73,36,47,9,32,36,42,57,80,1,2021-22
2021-22,1610612752,NYK,New York Knicks,0022100364,2021-12-07T00:00:00,NYK @ SAS,W,48.0,43,91,0.473,18,38,0.474,17,19,0.895,17,35,52,22,11.0,7,5,4,19,18,121,12.0,1,1,1,1,4,8,13,15,5,32,3,47,60,6,5,36,16,36,18,34,29,32,24,51,6,17,1,2021-22
2021-22,1610612752,NYK,New York Knicks,0022100342,2021-12-04T00:00:00,NYK vs. DEN,L,48.0,35,88,0.398,12,40,0.3,17,21,0.81,16,24,40,23,11.0,7,3,5,12,19,99,-14.0,1,38,38,38,4,59,27,68,48,22,66,47,52,26,8,81,65,26,18,34,59,42,1,42,63,67,1,2021-22
2021-22,1610612752,NYK,New York Knicks,0022100328,2021-12-02T00:00:00,NYK vs. CHI,L,48.0,42,82,0.512,9,26,0.346,22,27,0.815,10,29,39,19,18.0,10,8,8,20,22,115,-4.0,1,38,38,38,4,10,59,3,70,80,45,19,27,24,51,68,71,58,74,10,9,74,36,29,16,44,1,2021-22
2021-22,1610612752,NYK,New York Knicks,0022100314,2021-11-30T00:00:00,NYK @ BKN,L,48.0,44,91,0.484,11,32,0.344,11,12,0.917,10,32,42,27,11.0,5,2,7,21,14,110,-2.0,1,38,38,38,4,6,13,14,58,63,46,67,77,2,51,53,55,8,18,60,70,69,44,76,28,39,1,2021-22
2021-22,1610612752,NYK,New York Knicks,0022100293,2021-11-27T00:00:00,NYK @ ATL,W,48.0,36,82,0.439,11,29,0.379,16,22,0.727,8,42,50,20,10.0,4,3,6,17,17,99,9.0,1,1,1,1,4,51,59,39,58,71,29,52,47,50,64,6,26,50,8,69,59,59,12,65,63,20,1,2021-22
2021-22,1610612752,NYK,New York Knicks,0022100282,2021-11-26T00:00:00,NYK vs. PHX,L,48.0,34,92,0.37,12,39,0.308,17,22,0.773,17,34,51,13,16.0,7,1,2,20,19,97,-21.0,1,38,38,38,4,67,11,78,48,29,63,47,47,39,5,40,21,80,63,34,76,8,36,42,68,81,1,2021-22
2021-22,1610612752,NYK,New York Knicks,0022100264,2021-11-23T00:00:00,NYK vs. LAL,W,48.0,37,82,0.451,15,34,0.441,17,21,0.81,7,45,52,23,17.0,7,4,3,23,17,106,6.0,1,1,1,1,4,44,59,31,25,52,11,47,52,26,69,2,16,26,67,34,41,17,61,65,42,29,1,2021-22
2021-22,1610612752,NYK,New York Knicks,0022100250,2021-11-21T00:00:00,NYK @ CHI,L,48.0,35,84,0.417,7,27,0.259,26,31,0.839,12,32,44,16,14.0,4,11,1,25,26,103,-6.0,1,38,38,38,4,59,46,58,80,78,75,5,17,16,35,53,48,77,44,69,2,1,71,6,54,48,1,2021-22
2021-22,1610612752,NYK,New York Knicks,0022100239,2021-11-20T00:00:00,NYK vs. HOU,W,48.0,33,78,0.423,18,41,0.439,22,26,0.846,4,33,37,25,15.0,12,7,8,23,21,106,7.0,1,1,1,1,4,69,77,53,5,19,12,19,31,13,81,49,74,14,54,2,14,74,61,34,42,27,1,2021-22
2021-22,1610612752,NYK,New York Knicks,0022100218,2021-11-17T00:00:00,NYK vs. ORL,L,48.0,37,88,0.42,16,49,0.327,8,12,0.667,11,34,45,25,18.0,5,7,3,20,19,98,-6.0,1,38,38,38,4,44,27,56,13,5,56,78,77,65,38,40,43,14,74,60,14,17,36,42,65,48,1,2021-22
2021-22,1610612752,NYK,New York Knicks,0022100203,2021-11-15T00:00:00,NYK vs. IND,W,48.0,37,86,0.43,11,34,0.324,7,10,0.7,8,38,46,22,12.0,1,5,6,15,15,92,8.0,1,1,1,1,4,44,35,46,58,52,58,79,82,59,64,22,40,36,31,82,29,59,8,74,77,23,1,2021-22
2021-22,1610612752,NYK,New York Knicks,0022100174,2021-11-12T00:00:00,NYK @ CHA,L,48.0,36,93,0.387,13,35,0.371,11,18,0.611,14,37,51,17,19.0,8,5,5,22,18,96,-8.0,1,38,38,38,4,51,8,69,34,49,34,67,63,71,18,28,21,73,81,20,29,42,54,51,70,55,1,2021-22
2021-22,1610612752,NYK,New York Knicks,0022100161,2021-11-10T00:00:00,NYK vs. MIL,L,48.0,36,83,0.434,16,37,0.432,12,17,0.706,7,31,38,19,11.0,9,10,4,17,17,100,-12.0,1,38,38,38,4,51,50,43,13,40,14,64,65,57,69,63,72,58,18,12,3,32,12,65,60,63,1,2021-22
2021-22,1610612752,NYK,New York Knicks,0022100147,2021-11-08T00:00:00,NYK @ PHI,W,48.0,40,91,0.44,13,40,0.325,10,13,0.769,14,41,55,25,13.0,4,4,6,18,13,103,7.0,1,1,1,1,4,20,13,38,34,22,57,72,75,40,18,8,8,14,36,69,41,59,20,79,54,27,1,2021-22
2021-22,1610612752,NYK,New York Knicks,0022100140,2021-11-07T00:00:00,NYK vs. CLE,L,48.0,39,85,0.459,9,31,0.29,22,24,0.917,7,25,32,21,11.0,9,9,2,14,18,109,-17.0,1,38,38,38,4,29,39,28,70,65,69,19,40,2,69,77,81,44,18,12,6,8,5,51,31,77,1,2021-22
2021-22,1610612752,NYK,New York Knicks,0022100128,2021-11-05T00:00:00,NYK @ MIL,W,48.0,41,96,0.427,10,40,0.25,21,26,0.808,20,39,59,16,15.0,12,4,5,17,20,113,15.0,1,1,1,1,4,17,6,50,67,22,77,25,31,28,1,16,2,77,54,2,41,42,12,37,23,10,1,2021-22
2021-22,1610612752,NYK,New York Knicks,0022100109,2021-11-03T00:00:00,NYK @ IND,L,48.0,36,87,0.414,5,24,0.208,21,27,0.778,14,32,46,23,10.0,7,6,7,19,22,98,-13.0,1,38,38,38,4,51,32,61,82,82,81,25,27,37,18,53,40,26,8,34,21,69,24,29,65,66,1,2021-22
2021-22,1610612752,NYK,New York Knicks,0022100099,2021-11-01T00:00:00,NYK vs. TOR,L,48.0,35,76,0.461,16,38,0.421,18,24,0.75,7,34,41,20,17.0,3,4,4,13,20,104,-9.0,1,38,38,38,4,59,81,26,13,32,17,42,40,46,69,40,61,50,67,77,41,32,3,37,48,56,1,2021-22
2021-22,1610612752,NYK,New York Knicks,0022100080,2021-10-30T00:00:00,NYK @ NOP,W,48.0,42,81,0.519,19,33,0.576,20,25,0.8,5,32,37,22,12.0,7,4,3,21,24,123,6.0,1,1,1,1,4,10,65,1,4,58,1,32,37,29,78,53,74,36,31,34,41,17,44,17,4,29,1,2021-22
2021-22,1610612752,NYK,New York Knicks,0022100067,2021-10-28T00:00:00,NYK @ CHI,W,48.0,39,85,0.459,11,29,0.379,15,20,0.75,11,38,49,16,13.0,5,7,5,21,18,104,1.0,1,1,1,1,4,29,39,28,58,71,29,57,58,46,38,22,28,77,36,60,14,42,44,51,48,37,1,2021-22
2021-22,1610612752,NYK,New York Knicks,0022100050,2021-10-26T00:00:00,NYK vs. PHI,W,48.0,41,87,0.471,16,37,0.432,14,15,0.933,13,32,45,24,15.0,7,5,4,18,14,112,13.0,1,1,1,1,4,17,32,17,13,40,14,60,71,1,29,53,43,20,54,34,29,32,20,76,24,15,1,2021-22
2021-22,1610612752,NYK,New York Knicks,0022100036,2021-10-24T00:00:00,NYK vs. ORL,L,48.0,37,100,0.37,13,48,0.271,17,25,0.68,16,36,52,20,12.0,8,8,4,21,25,104,-6.0,1,38,38,38,4,44,4,77,34,7,72,47,37,64,8,34,16,50,31,20,9,32,44,12,48,48,1,2021-22
2021-22,1610612752,NYK,New York Knicks,0022100018,2021-10-22T00:00:00,NYK @ ORL,W,48.0,44,88,0.5,24,54,0.444,9,17,0.529,6,32,38,34,11.0,10,4,3,19,18,121,25.0,1,1,1,1,4,6,27,6,1,1,7,77,65,77,75,53,72,1,18,10,41,17,24,51,6,4,1,2021-22
2021-22,1610612752,NYK,New York Knicks,0022100005,2021-10-20T00:00:00,NYK vs. BOS,W,58.0,51,105,0.486,17,45,0.378,19,27,0.704,7,48,55,27,19.0,9,10,9,22,24,138,4.0,1,1,1,1,1,1,2,12,9,8,32,39,27,58,69,1,8,8,81,12,3,78,54,17,1,32,1,2021-22
2022-23,1610612752,NYK,New York Knicks,0022201220,2023-04-09T00:00:00,NYK vs. IND,L,48.0,52,108,0.481,15,40,0.375,17,22,0.773,19,34,53,29,15.0,8,8,9,24,24,136,-5.0,1,48,48,48,11,3,2,35,21,19,33,51,56,38,7,31,15,9,57,17,4,79,61,12,5,54,1,2022-23
2022-23,1610612752,NYK,New York Knicks,0022201209,2023-04-07T00:00:00,NYK @ NOP,L,48.0,38,88,0.432,14,43,0.326,15,20,0.75,7,30,37,19,10.0,5,2,7,17,17,105,-8.0,1,48,48,48,11,58,44,63,29,8,50,60,66,45,71,68,77,59,14,52,64,67,19,65,68,68,1,2022-23
2022-23,1610612752,NYK,New York Knicks,0022201190,2023-04-05T00:00:00,NYK @ IND,W,48.0,52,100,0.52,18,46,0.391,16,25,0.64,20,32,52,34,18.0,13,8,5,21,17,138,9.0,1,1,1,1,11,3,6,15,4,6,29,57,41,75,2,50,16,2,74,1,4,44,43,65,3,24,1,2022-23
2022-23,1610612752,NYK,New York Knicks,0022201168,2023-04-02T00:00:00,NYK vs. WAS,W,48.0,46,88,0.523,13,32,0.406,13,18,0.722,7,32,39,31,12.0,12,4,5,17,18,118,9.0,1,1,1,1,11,15,44,14,32,55,23,73,72,50,71,50,70,3,30,5,31,44,19,56,34,24,1,2022-23
2022-23,1610612752,NYK,New York Knicks,0022201154,2023-03-31T00:00:00,NYK @ CLE,W,48.0,49,93,0.527,17,36,0.472,15,24,0.625,16,32,48,24,10.0,6,5,9,12,21,130,14.0,1,1,1,1,11,9,24,11,8,33,5,60,49,77,15,50,32,34,14,41,20,79,2,37,11,16,1,2022-23
2022-23,1610612752,NYK,New York Knicks,0022201138,2023-03-29T00:00:00,NYK vs. MIA,W,48.0,38,76,0.5,13,31,0.419,12,23,0.522,9,38,47,22,16.0,8,3,0,14,18,101,9.0,1,1,1,1,11,58,79,23,32,60,19,78,53,81,64,16,37,46,62,17,47,1,7,56,75,24,1,2022-23
2022-23,1610612752,NYK,New York Knicks,0022201124,2023-03-27T00:00:00,NYK vs. HOU,W,48.0,50,86,0.581,17,39,0.436,20,28,0.714,7,32,39,35,11.0,11,8,4,20,18,137,22.0,1,1,1,1,11,7,55,3,8,26,12,31,24,55,71,50,70,1,24,7,4,27,38,56,4,7,1,2022-23
2022-23,1610612752,NYK,New York Knicks,0022201093,2023-03-23T00:00:00,NYK @ ORL,L,48.0,37,88,0.42,12,40,0.3,20,26,0.769,13,31,44,26,13.0,8,8,7,15,19,106,-5.0,1,48,48,48,11,64,44,68,40,19,59,31,33,39,32,63,56,20,42,17,4,67,11,49,63,54,1,2022-23
2022-23,1610612752,NYK,New York Knicks,0022201084,2023-03-22T00:00:00,NYK @ MIA,L,48.0,42,82,0.512,16,40,0.4,20,25,0.8,9,33,42,29,17.0,7,5,1,25,18,120,-7.0,1,48,48,48,11,39,68,18,15,19,24,31,41,28,64,42,66,9,67,29,20,5,68,56,30,62,1,2022-23
2022-23,1610612752,NYK,New York Knicks,0022201073,2023-03-20T00:00:00,NYK vs. MIN,L,48.0,48,85,0.565,14,28,0.5,24,28,0.857,7,27,34,26,17.0,7,3,4,22,24,134,-6.0,1,48,48,48,11,11,58,5,29,75,4,14,24,14,71,79,80,20,67,29,47,27,51,12,7,58,1,2022-23
2022-23,1610612752,NYK,New York Knicks,0022201055,2023-03-18T00:00:00,NYK vs. DEN,W,48.0,41,83,0.494,9,32,0.281,25,28,0.893,15,28,43,23,12.0,9,4,2,16,21,116,6.0,1,1,1,1,11,47,62,28,68,55,64,10,24,7,19,77,61,39,30,11,31,7,15,37,41,30,1,2022-23
2022-23,1610612752,NYK,New York Knicks,0022201034,2023-03-14T00:00:00,NYK @ POR,W,48.0,42,81,0.519,15,35,0.429,24,34,0.706,9,43,52,23,13.0,8,8,3,13,19,123,16.0,1,1,1,1,11,39,71,16,21,39,15,14,4,58,64,2,16,39,42,17,4,17,4,49,21,14,1,2022-23
2022-23,1610612752,NYK,New York Knicks,0022201019,2023-03-12T00:00:00,NYK @ LAL,W,48.0,42,88,0.477,11,37,0.297,17,21,0.81,12,34,46,18,11.0,8,3,2,18,17,112,4.0,1,1,1,1,11,39,44,39,50,29,60,51,61,25,41,31,43,65,24,17,47,7,27,65,49,34,1,2022-23
2022-23,1610612752,NYK,New York Knicks,0022201004,2023-03-11T00:00:00,NYK @ LAC,L,48.0,32,90,0.356,7,31,0.226,24,27,0.889,20,34,54,21,10.0,5,3,4,17,20,95,-11.0,1,48,48,48,11,80,34,80,77,60,79,14,29,8,2,31,7,48,14,52,47,27,19,43,79,72,1,2022-23
2022-23,1610612752,NYK,New York Knicks,0022200997,2023-03-09T00:00:00,NYK @ SAC,L,48.0,42,101,0.416,13,50,0.26,20,31,0.645,23,35,58,27,14.0,8,1,3,25,21,117,-5.0,1,48,48,48,11,39,5,71,32,2,74,31,15,74,1,25,1,14,48,17,75,17,68,37,37,54,1,2022-23
2022-23,1610612752,NYK,New York Knicks,0022200979,2023-03-07T00:00:00,NYK vs. CHA,L,48.0,38,89,0.427,11,40,0.275,18,24,0.75,10,29,39,18,8.0,3,4,5,18,20,105,-7.0,1,48,48,48,11,58,40,65,50,19,69,45,49,45,58,73,70,65,4,69,31,44,27,43,68,62,1,2022-23
2022-23,1610612752,NYK,New York Knicks,0022200969,2023-03-05T00:00:00,NYK @ BOS,W,58.0,47,95,0.495,15,41,0.366,22,32,0.688,11,43,54,18,20.0,7,4,5,27,28,131,2.0,1,1,1,1,1,13,18,26,21,13,37,27,9,61,52,2,7,65,79,29,31,44,75,1,10,43,1,2022-23
2022-23,1610612752,NYK,New York Knicks,0022200949,2023-03-03T00:00:00,NYK @ MIA,W,48.0,47,81,0.58,17,41,0.415,11,17,0.647,6,28,34,23,12.0,8,4,2,23,17,122,2.0,1,1,1,1,11,13,71,4,8,13,20,79,76,73,78,77,80,39,30,17,31,7,55,65,24,43,1,2022-23
2022-23,1610612752,NYK,New York Knicks,0022200937,2023-03-01T00:00:00,NYK vs. BKN,W,48.0,54,89,0.607,20,35,0.571,14,21,0.667,7,39,46,28,16.0,5,3,5,21,21,142,24.0,1,1,1,1,11,1,40,1,1,39,1,68,61,67,71,14,43,12,62,52,47,44,43,37,1,3,1,2022-23
2022-23,1610612752,NYK,New York Knicks,0022200921,2023-02-27T00:00:00,NYK vs. BOS,W,48.0,37,78,0.474,12,31,0.387,23,34,0.676,7,37,44,20,15.0,6,3,8,11,22,109,15.0,1,1,1,1,11,64,77,40,40,60,30,21,4,66,71,21,56,55,57,41,47,74,1,29,55,15,1,2022-23
2022-23,1610612752,NYK,New York Knicks,0022200906,2023-02-25T00:00:00,NYK vs. NOP,W,48.0,45,88,0.511,19,48,0.396,19,23,0.826,11,43,54,24,19.0,1,7,0,22,15,128,22.0,1,1,1,1,11,18,44,19,2,4,26,40,53,20,52,2,7,34,77,80,10,1,51,78,15,7,1,2022-23
2022-23,1610612752,NYK,New York Knicks,0022200895,2023-02-24T00:00:00,NYK @ WAS,W,48.0,45,92,0.489,12,29,0.414,13,16,0.813,12,31,43,21,12.0,9,2,6,17,20,115,6.0,1,1,1,1,11,18,29,30,40,72,21,73,79,24,41,63,61,48,30,11,64,60,19,43,43,30,1,2022-23
2022-23,1610612752,NYK,New York Knicks,0022200876,2023-02-15T00:00:00,NYK @ ATL,W,48.0,45,96,0.469,14,43,0.326,18,22,0.818,10,45,55,16,10.0,2,4,7,21,18,122,21.0,1,1,1,1,11,18,14,44,29,8,50,45,56,23,58,1,2,76,14,76,31,67,43,56,24,9,1,2022-23
2022-23,1610612752,NYK,New York Knicks,0022200862,2023-02-13T00:00:00,NYK vs. BKN,W,48.0,45,82,0.549,15,34,0.441,19,26,0.731,6,32,38,18,8.0,4,3,3,24,19,124,18.0,1,1,1,1,11,18,68,8,21,45,10,40,33,49,78,50,74,65,4,62,47,17,61,49,19,13,1,2022-23
2022-23,1610612752,NYK,New York Knicks,0022200851,2023-02-11T00:00:00,NYK vs. UTA,W,48.0,43,95,0.453,12,36,0.333,28,38,0.737,20,32,52,18,6.0,6,4,7,24,24,126,6.0,1,1,1,1,11,34,18,51,40,33,46,3,2,48,2,50,16,65,1,41,31,67,61,12,18,30,1,2022-23
2022-23,1610612752,NYK,New York Knicks,0022200837,2023-02-10T00:00:00,NYK @ PHI,L,48.0,43,81,0.531,11,32,0.344,11,16,0.688,4,31,35,23,12.0,1,5,2,17,15,108,-11.0,1,48,48,48,11,34,71,10,50,55,42,79,79,61,82,63,78,39,30,80,20,7,19,78,57,72,1,2022-23
2022-23,1610612752,NYK,New York Knicks,0022200816,2023-02-07T00:00:00,NYK @ ORL,W,48.0,37,81,0.457,15,43,0.349,13,19,0.684,11,32,43,21,11.0,6,2,4,22,19,102,4.0,1,1,1,1,11,64,71,48,21,8,41,73,70,64,52,50,61,48,24,41,64,27,51,49,73,34,1,2022-23
2022-23,1610612752,NYK,New York Knicks,0022200804,2023-02-05T00:00:00,NYK vs. PHI,W,48.0,34,79,0.43,12,36,0.333,28,39,0.718,14,35,49,21,12.0,5,1,4,28,23,108,11.0,1,1,1,1,11,78,76,64,40,33,46,3,1,54,23,25,29,48,30,52,75,27,77,19,57,21,1,2022-23
2022-23,1610612752,NYK,New York Knicks,0022200795,2023-02-04T00:00:00,NYK vs. LAC,L,53.0,45,94,0.479,18,40,0.45,20,26,0.769,10,36,46,30,10.0,6,3,4,30,20,128,-6.0,1,48,48,48,2,18,21,36,4,19,9,31,33,39,58,22,43,5,14,41,47,27,80,43,15,58,1,2022-23
2022-23,1610612752,NYK,New York Knicks,0022200780,2023-02-02T00:00:00,NYK vs. MIA,W,48.0,40,83,0.482,12,36,0.333,14,18,0.778,11,33,44,25,18.0,8,0,3,17,15,106,2.0,1,1,1,1,11,50,62,34,40,33,46,68,72,35,52,42,56,28,74,17,81,17,19,78,63,43,1,2022-23
2022-23,1610612752,NYK,New York Knicks,0022200765,2023-01-31T00:00:00,NYK vs. LAL,L,53.0,44,98,0.449,7,34,0.206,28,32,0.875,13,32,45,27,9.0,6,3,1,24,23,123,-6.0,1,48,48,48,2,29,10,54,77,45,80,3,9,11,32,50,50,14,12,41,47,5,61,19,21,58,1,2022-23
2022-23,1610612752,NYK,New York Knicks,0022200742,2023-01-28T00:00:00,NYK @ BKN,L,48.0,45,88,0.511,10,28,0.357,15,19,0.789,14,31,45,19,11.0,4,4,3,14,17,115,-7.0,1,48,48,48,11,18,44,19,60,75,39,60,70,33,23,63,50,59,24,62,31,17,7,65,43,62,1,2022-23
2022-23,1610612752,NYK,New York Knicks,0022200730,2023-01-26T00:00:00,NYK @ BOS,W,53.0,44,96,0.458,13,38,0.342,19,23,0.826,10,40,50,17,10.0,5,5,4,20,19,120,3.0,1,1,1,1,2,29,14,47,32,27,45,40,53,20,58,7,23,72,14,52,20,27,38,49,30,38,1,2022-23
2022-23,1610612752,NYK,New York Knicks,0022200715,2023-01-24T00:00:00,NYK vs. CLE,W,48.0,37,75,0.493,17,33,0.515,14,21,0.667,9,33,42,25,17.0,4,3,4,18,19,105,2.0,1,1,1,1,11,64,81,29,8,52,3,68,61,67,64,42,66,28,67,62,47,27,27,49,68,43,1,2022-23
2022-23,1610612752,NYK,New York Knicks,0022200700,2023-01-22T00:00:00,NYK @ TOR,L,48.0,40,82,0.488,18,41,0.439,18,26,0.692,14,33,47,30,17.0,4,4,4,24,20,116,-9.0,1,48,48,48,11,50,68,32,4,13,11,45,33,59,23,42,37,5,67,62,31,27,61,43,41,69,1,2022-23
2022-23,1610612752,NYK,New York Knicks,0022200684,2023-01-20T00:00:00,NYK @ ATL,L,48.0,49,83,0.59,13,30,0.433,13,17,0.765,9,25,34,27,12.0,5,3,4,15,16,124,-15.0,1,48,48,48,11,9,62,2,32,67,13,73,76,42,64,80,80,14,30,52,47,27,11,76,19,78,1,2022-23
2022-23,1610612752,NYK,New York Knicks,0022200669,2023-01-18T00:00:00,NYK vs. WAS,L,48.0,40,96,0.417,7,26,0.269,18,27,0.667,20,29,49,14,9.0,9,4,9,20,23,105,-11.0,1,48,48,48,11,50,14,70,77,79,71,45,29,67,2,73,29,81,12,11,31,79,38,19,68,72,1,2022-23
2022-23,1610612752,NYK,New York Knicks,0022200659,2023-01-16T00:00:00,NYK vs. TOR,L,53.0,42,99,0.424,9,31,0.29,28,35,0.8,20,34,54,17,12.0,3,5,12,28,25,121,-2.0,1,48,48,48,2,39,9,66,68,60,63,3,3,28,2,31,7,72,30,69,20,82,77,6,26,49,1,2022-23
2022-23,1610612752,NYK,New York Knicks,0022200648,2023-01-15T00:00:00,NYK @ DET,W,48.0,40,88,0.455,12,30,0.4,25,31,0.806,18,34,52,17,8.0,3,6,4,12,22,117,13.0,1,1,1,1,11,50,44,49,40,67,24,10,15,27,9,31,16,72,4,69,15,27,2,29,37,17,1,2022-23
2022-23,1610612752,NYK,New York Knicks,0022200634,2023-01-13T00:00:00,NYK @ WAS,W,48.0,41,92,0.446,8,29,0.276,22,31,0.71,14,40,54,15,7.0,3,6,4,23,23,112,4.0,1,1,1,1,11,47,29,57,73,72,68,27,15,57,23,7,7,80,2,69,15,27,55,19,49,34,1,2022-23
2022-23,1610612752,NYK,New York Knicks,0022200622,2023-01-11T00:00:00,NYK vs. IND,W,48.0,38,84,0.452,15,42,0.357,28,33,0.848,12,38,50,21,15.0,9,4,5,16,25,119,6.0,1,1,1,1,11,58,60,52,21,12,39,3,7,17,41,16,23,48,57,11,31,44,15,6,33,30,1,2022-23
2022-23,1610612752,NYK,New York Knicks,0022200607,2023-01-09T00:00:00,NYK vs. MIL,L,48.0,38,100,0.38,11,41,0.268,20,22,0.909,18,30,48,16,7.0,8,1,5,14,17,107,-4.0,1,48,48,48,11,58,6,79,50,13,72,31,56,6,9,68,32,76,2,17,75,44,7,65,62,52,1,2022-23
2022-23,1610612752,NYK,New York Knicks,0022200582,2023-01-06T00:00:00,NYK @ TOR,W,48.0,39,83,0.47,16,37,0.432,18,26,0.692,13,38,51,19,13.0,3,4,3,23,23,112,4.0,1,1,1,1,11,55,62,42,15,29,14,45,33,59,32,16,21,59,42,69,31,17,55,19,49,34,1,2022-23
2022-23,1610612752,NYK,New York Knicks,0022200568,2023-01-04T00:00:00,NYK vs. SAS,W,48.0,45,94,0.479,10,31,0.323,17,26,0.654,14,33,47,16,14.0,7,6,3,21,24,117,3.0,1,1,1,1,11,18,21,36,60,60,53,51,33,70,23,42,37,76,48,29,15,17,43,12,37,38,1,2022-23
2022-23,1610612752,NYK,New York Knicks,0022200550,2023-01-02T00:00:00,NYK vs. PHX,W,48.0,36,74,0.486,13,33,0.394,17,25,0.68,5,40,45,26,8.0,1,2,0,13,17,102,19.0,1,1,1,1,11,74,82,33,32,52,28,51,41,65,81,7,50,20,4,80,64,1,4,65,73,11,1,2022-23
2022-23,1610612752,NYK,New York Knicks,0022200541,2022-12-31T00:00:00,NYK @ HOU,W,48.0,35,90,0.389,15,51,0.294,23,32,0.719,16,30,46,20,10.0,10,5,6,20,24,108,20.0,1,1,1,1,11,75,34,78,21,1,62,21,9,52,15,68,43,55,14,8,20,60,38,12,57,10,1,2022-23
2022-23,1610612752,NYK,New York Knicks,0022200527,2022-12-29T00:00:00,NYK @ SAS,L,48.0,38,90,0.422,15,41,0.366,24,31,0.774,13,25,38,20,13.0,7,2,7,21,23,115,-7.0,1,48,48,48,11,58,34,67,21,13,37,14,15,36,32,80,74,55,42,29,64,67,43,19,43,62,1,2022-23
2022-23,1610612752,NYK,New York Knicks,0022200512,2022-12-27T00:00:00,NYK @ DAL,L,53.0,45,103,0.437,16,50,0.32,15,24,0.625,17,38,55,27,10.0,5,0,5,23,25,121,-5.0,1,48,48,48,2,18,4,62,15,2,56,60,49,77,13,16,2,14,14,52,81,44,55,6,26,54,1,2022-23
2022-23,1610612752,NYK,New York Knicks,0022200493,2022-12-25T00:00:00,NYK vs. PHI,L,48.0,43,90,0.478,12,32,0.375,14,17,0.824,12,34,46,30,8.0,4,6,2,19,19,112,-7.0,1,48,48,48,11,34,34,38,40,55,33,68,76,22,41,31,43,5,4,62,15,7,33,49,49,62,1,2022-23
2022-23,1610612752,NYK,New York Knicks,0022200485,2022-12-23T00:00:00,NYK vs. CHI,L,48.0,43,86,0.5,16,35,0.457,15,26,0.577,12,35,47,23,10.0,2,4,4,17,22,117,-1.0,1,48,48,48,11,34,55,23,15,39,7,60,33,80,41,25,37,39,14,76,31,27,19,29,37,48,1,2022-23
2022-23,1610612752,NYK,New York Knicks,0022200471,2022-12-21T00:00:00,NYK vs. TOR,L,48.0,42,76,0.553,11,26,0.423,11,18,0.611,9,29,38,25,17.0,2,3,4,19,16,106,-7.0,1,48,48,48,11,39,79,7,50,79,17,79,72,79,64,73,74,28,67,76,47,27,33,76,63,62,1,2022-23
2022-23,1610612752,NYK,New York Knicks,0022200463,2022-12-20T00:00:00,NYK vs. GSW,W,48.0,45,87,0.517,17,40,0.425,25,32,0.781,14,33,47,27,12.0,8,1,2,15,22,132,38.0,1,1,1,1,11,18,51,17,8,19,16,10,9,34,23,42,37,14,30,17,75,7,11,29,9,1,1,2022-23
2022-23,1610612752,NYK,New York Knicks,0022200446,2022-12-18T00:00:00,NYK @ IND,W,48.0,39,83,0.47,8,26,0.308,23,30,0.767,14,35,49,13,16.0,7,9,3,21,28,109,3.0,1,1,1,1,11,55,62,42,73,79,58,21,20,41,23,25,29,82,62,29,2,17,43,1,55,38,1,2022-23
2022-23,1610612752,NYK,New York Knicks,0022200434,2022-12-16T00:00:00,NYK @ CHI,W,48.0,37,92,0.402,17,44,0.386,23,32,0.719,15,35,50,19,12.0,13,2,2,13,25,114,23.0,1,1,1,1,11,64,29,75,8,7,31,21,9,52,19,25,23,59,30,1,64,7,4,6,47,6,1,2022-23
2022-23,1610612752,NYK,New York Knicks,0022200418,2022-12-14T00:00:00,NYK @ CHI,W,53.0,45,91,0.495,18,34,0.529,20,25,0.8,15,33,48,25,18.0,7,5,7,25,18,128,8.0,1,1,1,1,2,18,33,27,4,45,2,31,41,28,19,42,32,28,74,29,20,67,68,56,15,28,1,2022-23
2022-23,1610612752,NYK,New York Knicks,0022200397,2022-12-11T00:00:00,NYK vs. SAC,W,48.0,40,89,0.449,8,35,0.229,24,27,0.889,15,40,55,19,17.0,8,4,0,22,21,112,13.0,1,1,1,1,11,50,40,53,73,39,78,14,29,8,19,7,2,59,67,17,31,1,51,37,49,17,1,2022-23
2022-23,1610612752,NYK,New York Knicks,0022200377,2022-12-09T00:00:00,NYK @ CHA,W,48.0,41,93,0.441,13,34,0.382,26,30,0.867,16,32,48,25,14.0,6,7,6,21,26,121,19.0,1,1,1,1,11,47,24,58,32,45,32,9,20,12,15,50,32,28,48,41,10,60,43,4,26,11,1,2022-23
2022-23,1610612752,NYK,New York Knicks,0022200365,2022-12-07T00:00:00,NYK vs. ATL,W,48.0,37,83,0.446,17,36,0.472,22,24,0.917,13,42,55,26,14.0,6,2,6,23,17,113,24.0,1,1,1,1,11,64,62,56,8,33,5,27,49,5,32,5,2,20,48,41,64,60,55,65,48,3,1,2022-23
2022-23,1610612752,NYK,New York Knicks,0022200348,2022-12-04T00:00:00,NYK vs. CLE,W,48.0,35,86,0.407,5,29,0.172,17,21,0.81,14,40,54,17,21.0,6,3,6,16,15,92,11.0,1,1,1,1,11,75,55,73,82,72,82,51,61,25,23,7,7,72,81,41,47,60,15,78,81,21,1,2022-23
2022-23,1610612752,NYK,New York Knicks,0022200337,2022-12-03T00:00:00,NYK vs. DAL,L,48.0,35,77,0.455,10,31,0.323,20,28,0.714,7,38,45,18,20.0,7,1,5,17,20,100,-21.0,1,48,48,48,11,75,78,49,60,60,53,31,24,55,71,16,50,65,79,29,75,44,19,43,77,80,1,2022-23
2022-23,1610612752,NYK,New York Knicks,0022200316,2022-11-30T00:00:00,NYK vs. MIL,L,48.0,42,100,0.42,6,30,0.2,13,20,0.65,19,36,55,18,8.0,2,3,6,20,15,103,-6.0,1,48,48,48,11,39,6,69,81,67,81,73,66,72,7,22,2,65,4,76,47,60,38,78,72,58,1,2022-23
2022-23,1610612752,NYK,New York Knicks,0022200309,2022-11-29T00:00:00,NYK @ DET,W,48.0,54,96,0.563,16,35,0.457,16,21,0.762,17,34,51,31,14.0,9,1,4,19,17,140,30.0,1,1,1,1,11,1,14,6,15,39,7,57,61,43,13,31,21,3,48,11,75,27,33,65,2,2,1,2022-23
2022-23,1610612752,NYK,New York Knicks,0022200296,2022-11-27T00:00:00,NYK vs. MEM,L,48.0,44,87,0.506,10,30,0.333,25,30,0.833,12,30,42,30,8.0,3,7,2,27,23,123,-4.0,1,48,48,48,11,29,51,22,60,67,46,10,20,18,41,68,66,5,4,69,10,7,75,19,21,52,1,2022-23
2022-23,1610612752,NYK,New York Knicks,0022200274,2022-11-25T00:00:00,NYK vs. POR,L,53.0,46,105,0.438,13,41,0.317,24,28,0.857,12,32,44,27,10.0,7,5,3,35,24,129,-3.0,1,48,48,48,2,15,3,61,32,13,57,14,24,14,41,50,56,14,14,29,20,17,82,12,13,50,1,2022-23
2022-23,1610612752,NYK,New York Knicks,0022200254,2022-11-21T00:00:00,NYK @ OKC,W,48.0,51,97,0.526,11,34,0.324,16,20,0.8,14,34,48,21,15.0,10,2,5,28,18,129,10.0,1,1,1,1,11,6,11,13,50,45,52,57,66,28,23,31,32,48,57,8,64,44,77,56,13,23,1,2022-23
2022-23,1610612752,NYK,New York Knicks,0022200240,2022-11-20T00:00:00,NYK @ PHX,L,48.0,34,85,0.4,7,25,0.28,20,25,0.8,10,29,39,20,11.0,4,7,8,15,22,95,-21.0,1,48,48,48,11,78,58,76,77,82,65,31,41,28,58,73,70,55,24,62,10,74,11,29,79,80,1,2022-23
2022-23,1610612752,NYK,New York Knicks,0022200233,2022-11-18T00:00:00,NYK @ GSW,L,48.0,30,87,0.345,9,34,0.265,32,34,0.941,13,32,45,16,16.0,8,7,3,16,26,101,-10.0,1,48,48,48,11,81,51,81,68,45,73,1,4,1,32,50,50,76,62,17,10,17,15,4,75,70,1,2022-23
2022-23,1610612752,NYK,New York Knicks,0022200219,2022-11-16T00:00:00,NYK @ DEN,W,48.0,37,84,0.44,8,34,0.235,24,31,0.774,6,34,40,24,8.0,12,5,5,18,25,106,3.0,1,1,1,1,11,64,60,59,73,45,77,14,15,36,78,31,69,34,4,5,20,44,27,6,63,38,1,2022-23
2022-23,1610612752,NYK,New York Knicks,0022200208,2022-11-15T00:00:00,NYK @ UTA,W,48.0,44,93,0.473,11,32,0.344,19,25,0.76,13,30,43,26,14.0,10,3,5,25,22,118,7.0,1,1,1,1,11,29,24,41,50,55,42,40,41,44,32,68,61,20,48,8,47,44,68,29,34,29,1,2022-23
2022-23,1610612752,NYK,New York Knicks,0022200192,2022-11-13T00:00:00,NYK vs. OKC,L,48.0,48,97,0.495,10,31,0.323,29,33,0.879,13,22,35,25,13.0,13,2,5,18,27,135,-10.0,1,48,48,48,11,11,11,25,60,60,53,2,7,10,32,82,78,28,42,1,64,44,27,3,6,70,1,2022-23
2022-23,1610612752,NYK,New York Knicks,0022200178,2022-11-11T00:00:00,NYK vs. DET,W,48.0,42,94,0.447,10,40,0.25,27,29,0.931,16,31,47,23,11.0,7,3,6,31,23,121,9.0,1,1,1,1,11,39,21,55,60,19,75,8,23,3,15,63,37,39,24,29,47,60,81,19,26,24,1,2022-23
2022-23,1610612752,NYK,New York Knicks,0022200164,2022-11-09T00:00:00,NYK @ BKN,L,48.0,28,87,0.322,12,43,0.279,17,26,0.654,11,35,46,21,15.0,5,4,5,18,22,85,-27.0,1,48,48,48,11,82,51,82,40,8,66,51,33,70,52,25,43,48,57,52,31,44,27,29,82,82,1,2022-23
2022-23,1610612752,NYK,New York Knicks,0022200153,2022-11-07T00:00:00,NYK @ MIN,W,48.0,39,89,0.438,19,48,0.396,23,25,0.92,9,34,43,26,19.0,13,2,8,23,18,120,13.0,1,1,1,1,11,55,40,60,2,4,26,21,41,4,64,31,61,20,77,1,64,74,55,56,30,17,1,2022-23
2022-23,1610612752,NYK,New York Knicks,0022200135,2022-11-05T00:00:00,NYK vs. BOS,L,48.0,46,90,0.511,11,27,0.407,15,16,0.938,12,32,44,22,14.0,6,4,2,14,17,118,-15.0,1,48,48,48,11,15,34,21,50,77,22,60,79,2,41,50,56,46,48,41,31,7,7,65,34,78,1,2022-23
2022-23,1610612752,NYK,New York Knicks,0022200122,2022-11-04T00:00:00,NYK @ PHI,W,48.0,37,80,0.463,9,33,0.273,23,27,0.852,10,40,50,24,22.0,5,8,8,21,25,106,2.0,1,1,1,1,11,64,75,45,68,52,70,21,29,16,58,7,23,34,82,52,4,74,43,6,63,43,1,2022-23
2022-23,1610612752,NYK,New York Knicks,0022200110,2022-11-02T00:00:00,NYK vs. ATL,L,48.0,37,90,0.411,10,36,0.278,15,20,0.75,12,40,52,23,17.0,3,9,4,19,18,99,-13.0,1,48,48,48,11,64,34,72,60,33,67,60,66,45,41,7,16,39,67,69,2,27,33,56,78,76,1,2022-23
2022-23,1610612752,NYK,New York Knicks,0022200090,2022-10-30T00:00:00,NYK @ CLE,L,48.0,45,92,0.489,10,27,0.37,8,16,0.5,12,33,45,26,14.0,9,2,5,25,22,108,-13.0,1,48,48,48,11,18,29,30,60,77,35,82,79,82,41,42,50,20,48,11,64,44,68,29,57,76,1,2022-23
2022-23,1610612752,NYK,New York Knicks,0022200075,2022-10-28T00:00:00,NYK @ MIL,L,48.0,37,93,0.398,12,35,0.343,22,32,0.688,13,41,54,19,13.0,6,5,8,19,23,108,-11.0,1,48,48,48,11,64,24,77,40,39,44,27,9,61,32,6,7,59,42,41,20,74,33,19,57,72,1,2022-23
2022-23,1610612752,NYK,New York Knicks,0022200058,2022-10-26T00:00:00,NYK vs. CHA,W,53.0,52,97,0.536,11,30,0.367,19,22,0.864,12,34,46,26,16.0,5,11,5,24,24,134,3.0,1,1,1,1,2,3,11,9,50,67,36,40,56,13,41,31,43,20,62,52,1,44,61,12,7,38,1,2022-23
2022-23,1610612752,NYK,New York Knicks,0022200046,2022-10-24T00:00:00,NYK vs. ORL,W,48.0,43,93,0.462,11,37,0.297,18,25,0.72,18,32,50,24,14.0,7,3,4,24,23,115,13.0,1,1,1,1,11,34,24,46,50,29,60,45,41,51,9,50,23,34,48,29,47,27,61,19,43,17,1,2022-23
2022-23,1610612752,NYK,New York Knicks,0022200023,2022-10-21T00:00:00,NYK vs. DET,W,48.0,50,95,0.526,16,38,0.421,14,22,0.636,11,39,50,29,12.0,4,6,2,26,21,130,24.0,1,1,1,1,11,7,18,12,15,27,18,68,56,76,52,14,23,9,30,62,15,7,73,37,11,3,1,2022-23
2022-23,1610612752,NYK,New York Knicks,0022200009,2022-10-19T00:00:00,NYK @ MEM,L,53.0,44,109,0.404,9,37,0.243,15,18,0.833,18,36,54,28,12.0,7,5,7,26,17,112,-3.0,1,48,48,48,2,29,1,74,68,29,76,60,72,18,9,22,7,12,30,29,20,67,73,65,49,50,1,2022-23
2023-24,1610612752,NYK,New York Knicks,0022301190,2024-04-14T00:00:00,NYK vs. CHI,W,53.0,46,91,0.505,12,32,0.375,16,21,0.762,16,37,53,27,21.0,7,6,3,17,21,120,1.0,1,1,1,1,1,10,27,16,51,61,43,49,46,47,11,18,10,21,79,41,14,9,36,23,25,50,1,2023-24
2023-24,1610612752,NYK,New York Knicks,0022301175,2024-04-12T00:00:00,NYK vs. BKN,W,48.0,38,83,0.458,14,30,0.467,21,25,0.84,8,23,31,21,5.0,10,3,4,15,19,111,4.0,1,1,1,1,3,58,65,50,30,65,9,15,25,24,72,79,79,57,2,10,47,21,16,37,46,44,1,2023-24
2023-24,1610612752,NYK,New York Knicks,0022301167,2024-04-11T00:00:00,NYK @ BOS,W,48.0,49,99,0.495,14,36,0.389,6,10,0.6,17,35,52,24,15.0,7,4,12,12,16,118,9.0,1,1,1,1,3,5,5,21,30,42,33,80,80,79,6,22,11,43,55,41,30,82,2,61,31,33,1,2023-24
2023-24,1610612752,NYK,New York Knicks,0022301149,2024-04-09T00:00:00,NYK @ CHI,W,48.0,46,83,0.554,17,36,0.472,19,20,0.95,6,25,31,31,11.0,6,4,5,15,18,128,11.0,1,1,1,1,3,10,65,5,8,42,7,30,50,3,78,73,79,6,19,57,30,34,16,47,6,30,1,2023-24
2023-24,1610612752,NYK,New York Knicks,0022301139,2024-04-07T00:00:00,NYK @ MIL,W,48.0,45,92,0.489,14,29,0.483,18,22,0.818,13,28,41,25,7.0,9,6,7,22,16,122,13.0,1,1,1,1,3,15,20,26,30,69,6,36,41,26,36,64,58,35,4,16,14,64,70,61,18,25,1,2023-24
2023-24,1610612752,NYK,New York Knicks,0022301119,2024-04-05T00:00:00,NYK @ CHI,L,48.0,36,83,0.434,10,29,0.345,18,24,0.75,9,29,38,22,18.0,9,2,5,15,19,100,-8.0,1,51,51,51,3,71,65,64,65,69,52,36,31,51,67,59,70,54,73,16,62,34,16,37,67,62,1,2023-24
2023-24,1610612752,NYK,New York Knicks,0022301112,2024-04-04T00:00:00,NYK vs. SAC,W,48.0,44,80,0.55,12,28,0.429,20,29,0.69,9,30,39,34,13.0,9,2,3,20,23,120,11.0,1,1,1,1,3,23,75,6,51,79,18,19,9,68,67,53,67,3,37,16,62,9,56,9,25,30,1,2023-24
2023-24,1610612752,NYK,New York Knicks,0022301096,2024-04-02T00:00:00,NYK @ MIA,L,48.0,35,76,0.461,12,34,0.353,17,21,0.81,7,23,30,25,14.0,11,2,4,17,17,99,-10.0,1,51,51,51,3,73,82,48,51,51,48,42,46,33,74,79,82,35,44,5,62,21,36,55,73,67,1,2023-24
2023-24,1610612752,NYK,New York Knicks,0022301082,2024-03-31T00:00:00,NYK vs. OKC,L,48.0,38,92,0.413,13,43,0.302,23,34,0.676,15,31,46,24,11.0,8,3,8,19,23,112,-1.0,1,51,51,51,3,58,20,70,42,7,71,7,1,74,19,48,36,43,19,28,47,71,52,9,43,51,1,2023-24
2023-24,1610612752,NYK,New York Knicks,0022301070,2024-03-29T00:00:00,NYK @ SAS,L,53.0,51,110,0.464,14,37,0.378,10,12,0.833,18,32,50,24,12.0,10,1,2,24,16,126,-4.0,1,51,51,51,1,3,1,46,30,33,40,73,73,25,3,39,20,43,30,10,74,3,79,61,8,54,1,2023-24
2023-24,1610612752,NYK,New York Knicks,0022301053,2024-03-27T00:00:00,NYK @ TOR,W,48.0,55,94,0.585,22,44,0.5,13,16,0.813,15,27,42,37,11.0,7,8,4,17,17,145,44.0,1,1,1,1,3,1,13,3,1,5,4,63,65,29,19,68,52,1,19,41,5,21,36,55,1,1,1,2023-24
2023-24,1610612752,NYK,New York Knicks,0022301035,2024-03-25T00:00:00,NYK vs. DET,W,48.0,45,89,0.506,19,46,0.413,15,22,0.682,12,40,52,30,14.0,6,6,5,18,22,124,25.0,1,1,1,1,3,15,34,15,3,3,23,54,41,71,44,8,11,8,44,57,14,34,45,14,14,7,1,2023-24
2023-24,1610612752,NYK,New York Knicks,0022301019,2024-03-23T00:00:00,NYK vs. BKN,W,48.0,42,97,0.433,15,40,0.375,6,12,0.5,16,31,47,25,10.0,10,4,6,15,15,105,12.0,1,1,1,1,3,35,7,65,21,13,43,80,73,82,11,48,30,35,11,10,30,52,16,72,60,27,1,2023-24
2023-24,1610612752,NYK,New York Knicks,0022301009,2024-03-21T00:00:00,NYK @ DEN,L,48.0,38,79,0.481,11,31,0.355,13,17,0.765,4,27,31,28,10.0,6,6,4,18,14,100,-13.0,1,51,51,51,3,58,77,32,60,63,47,63,64,46,82,68,79,15,11,57,14,21,45,76,67,70,1,2023-24
2023-24,1610612752,NYK,New York Knicks,0022300988,2024-03-18T00:00:00,NYK @ GSW,W,48.0,44,91,0.484,14,37,0.378,17,20,0.85,14,30,44,29,13.0,6,1,5,17,16,119,7.0,1,1,1,1,3,23,27,28,30,33,40,42,50,21,29,53,46,11,37,57,74,34,36,61,29,35,1,2023-24
2023-24,1610612752,NYK,New York Knicks,0022300975,2024-03-16T00:00:00,NYK @ SAC,W,48.0,37,86,0.43,11,39,0.282,13,16,0.813,10,42,52,19,16.0,8,9,5,21,20,98,7.0,1,1,1,1,3,68,52,66,60,17,73,63,65,29,63,3,11,68,61,28,3,34,65,28,75,35,1,2023-24
2023-24,1610612752,NYK,New York Knicks,0022300960,2024-03-14T00:00:00,NYK @ POR,W,48.0,38,87,0.437,6,29,0.207,23,26,0.885,15,35,50,16,15.0,11,1,2,18,19,105,12.0,1,1,1,1,3,58,46,62,80,69,79,7,19,13,19,22,20,78,55,5,74,3,45,37,60,27,1,2023-24
2023-24,1610612752,NYK,New York Knicks,0022300939,2024-03-12T00:00:00,NYK vs. PHI,W,48.0,40,79,0.506,14,40,0.35,12,15,0.8,9,42,51,32,13.0,4,4,4,15,16,106,27.0,1,1,1,1,3,49,77,14,30,13,51,70,71,35,67,3,16,4,37,75,30,21,16,61,58,5,1,2023-24
2023-24,1610612752,NYK,New York Knicks,0022300927,2024-03-10T00:00:00,NYK vs. PHI,L,48.0,26,80,0.325,9,40,0.225,12,16,0.75,16,34,50,19,21.0,9,5,5,14,18,73,-6.0,1,51,51,51,3,82,75,82,72,13,77,70,65,51,11,26,20,68,79,16,23,34,10,47,82,60,1,2023-24
2023-24,1610612752,NYK,New York Knicks,0022300912,2024-03-08T00:00:00,NYK vs. ORL,W,48.0,38,79,0.481,16,33,0.485,6,8,0.75,11,32,43,20,16.0,7,10,10,14,12,98,24.0,1,1,1,1,3,58,77,32,13,58,5,80,82,51,56,39,50,65,61,41,2,76,10,81,75,8,1,2023-24
2023-24,1610612752,NYK,New York Knicks,0022300889,2024-03-05T00:00:00,NYK vs. ATL,L,48.0,38,99,0.384,16,52,0.308,8,11,0.727,17,23,40,27,12.0,8,6,5,18,13,100,-16.0,1,51,51,51,3,58,5,75,13,1,66,77,76,56,6,79,63,21,30,28,14,34,45,79,67,75,1,2023-24
2023-24,1610612752,NYK,New York Knicks,0022300876,2024-03-03T00:00:00,NYK @ CLE,W,48.0,42,86,0.488,16,39,0.41,7,10,0.7,10,37,47,32,12.0,8,9,5,13,11,107,9.0,1,1,1,1,3,35,52,27,13,17,25,78,80,64,63,18,30,4,30,28,3,34,5,82,57,33,1,2023-24
2023-24,1610612752,NYK,New York Knicks,0022300852,2024-02-29T00:00:00,NYK vs. GSW,L,48.0,35,95,0.368,12,39,0.308,17,24,0.708,17,39,56,23,13.0,7,3,5,15,19,99,-11.0,1,51,51,51,3,73,10,78,51,17,66,42,31,60,6,13,4,52,37,41,47,34,16,37,73,69,1,2023-24
2023-24,1610612752,NYK,New York Knicks,0022300837,2024-02-27T00:00:00,NYK vs. NOP,L,48.0,31,83,0.373,14,46,0.304,16,23,0.696,13,25,38,27,13.0,6,5,5,20,21,92,-23.0,1,51,51,51,3,81,65,76,30,3,69,49,36,66,36,73,70,21,37,57,23,34,56,23,79,81,1,2023-24
2023-24,1610612752,NYK,New York Knicks,0022300828,2024-02-26T00:00:00,NYK vs. DET,W,48.0,41,92,0.446,15,39,0.385,16,21,0.762,15,29,44,31,14.0,9,4,6,16,15,113,2.0,1,1,1,1,3,40,20,57,21,17,36,49,46,47,19,59,46,6,44,16,30,52,28,72,38,47,1,2023-24
2023-24,1610612752,NYK,New York Knicks,0022300816,2024-02-24T00:00:00,NYK vs. BOS,L,48.0,37,82,0.451,13,38,0.342,15,16,0.938,15,24,39,21,14.0,1,3,4,15,16,102,-14.0,1,51,51,51,3,68,71,54,42,24,55,54,65,7,19,77,67,57,44,81,47,21,16,61,66,71,1,2023-24
2023-24,1610612752,NYK,New York Knicks,0022300794,2024-02-22T00:00:00,NYK @ PHI,W,48.0,38,79,0.481,15,34,0.441,19,27,0.704,12,33,45,24,18.0,11,6,3,13,23,110,14.0,1,1,1,1,3,58,77,32,21,51,14,30,16,62,44,34,41,43,73,5,14,9,5,9,50,22,1,2023-24
2023-24,1610612752,NYK,New York Knicks,0022300778,2024-02-14T00:00:00,NYK @ ORL,L,48.0,35,84,0.417,11,29,0.379,19,24,0.792,16,18,34,15,12.0,8,0,7,11,22,100,-18.0,1,51,51,51,3,73,62,68,60,69,39,30,31,42,11,82,77,81,30,28,80,64,1,14,67,78,1,2023-24
2023-24,1610612752,NYK,New York Knicks,0022300765,2024-02-12T00:00:00,NYK @ HOU,L,48.0,42,92,0.457,12,36,0.333,7,12,0.583,19,32,51,19,17.0,4,4,3,23,16,103,-2.0,1,51,51,51,3,35,20,51,51,42,58,78,73,80,2,39,16,68,69,75,30,9,77,61,65,52,1,2023-24
2023-24,1610612752,NYK,New York Knicks,0022300755,2024-02-10T00:00:00,NYK vs. IND,L,48.0,40,84,0.476,10,32,0.313,21,23,0.913,5,27,32,16,9.0,7,4,3,15,20,111,-14.0,1,51,51,51,3,49,62,38,65,61,64,15,36,8,81,68,78,78,8,41,30,9,16,28,46,71,1,2023-24
2023-24,1610612752,NYK,New York Knicks,0022300736,2024-02-08T00:00:00,NYK vs. DAL,L,48.0,42,94,0.447,14,37,0.378,10,11,0.909,14,32,46,27,14.0,5,2,6,19,13,108,-14.0,1,51,51,51,3,35,13,56,30,33,40,73,76,9,29,39,36,21,44,68,62,52,52,79,54,71,1,2023-24
2023-24,1610612752,NYK,New York Knicks,0022300722,2024-02-06T00:00:00,NYK vs. MEM,W,48.0,48,86,0.558,11,27,0.407,16,20,0.8,8,29,37,28,10.0,12,5,5,12,15,123,10.0,1,1,1,1,3,7,52,4,60,80,26,49,50,35,72,59,74,15,11,2,23,34,2,72,16,32,1,2023-24
2023-24,1610612752,NYK,New York Knicks,0022300701,2024-02-03T00:00:00,NYK vs. LAL,L,48.0,41,100,0.41,10,35,0.286,13,15,0.867,18,33,51,21,7.0,1,4,11,20,16,105,-8.0,1,51,51,51,3,40,3,71,65,48,72,63,71,19,3,34,16,57,4,81,30,78,56,61,60,62,1,2023-24
2023-24,1610612752,NYK,New York Knicks,0022300685,2024-02-01T00:00:00,NYK vs. IND,W,48.0,41,103,0.398,8,38,0.211,19,25,0.76,24,36,60,15,10.0,8,7,9,14,25,109,4.0,1,1,1,1,3,40,2,72,76,24,78,30,25,49,1,20,2,81,11,28,7,72,10,4,51,44,1,2023-24
2023-24,1610612752,NYK,New York Knicks,0022300671,2024-01-30T00:00:00,NYK vs. UTA,W,48.0,44,94,0.468,13,34,0.382,17,18,0.944,14,31,45,29,6.0,9,7,5,16,16,118,15.0,1,1,1,1,3,23,13,40,42,51,37,42,60,5,29,48,41,11,3,16,7,34,28,61,31,20,1,2023-24
2023-24,1610612752,NYK,New York Knicks,0022300657,2024-01-29T00:00:00,NYK @ CHA,W,48.0,44,84,0.524,12,37,0.324,13,16,0.813,7,35,42,25,9.0,5,3,6,16,14,113,21.0,1,1,1,1,3,23,62,11,51,33,62,63,65,29,74,22,52,35,8,68,47,52,28,76,38,11,1,2023-24
2023-24,1610612752,NYK,New York Knicks,0022300643,2024-01-27T00:00:00,NYK vs. MIA,W,48.0,45,87,0.517,17,33,0.515,18,26,0.692,11,35,46,25,7.0,6,3,4,15,18,125,16.0,1,1,1,1,3,15,46,12,8,58,3,36,19,67,56,22,36,35,4,57,47,21,16,47,13,17,1,2023-24
2023-24,1610612752,NYK,New York Knicks,0022300631,2024-01-25T00:00:00,NYK vs. DEN,W,48.0,45,85,0.529,15,38,0.395,17,20,0.85,12,32,44,26,10.0,12,3,2,14,20,122,38.0,1,1,1,1,3,15,61,10,21,24,28,42,50,21,44,39,46,32,11,2,47,3,10,28,18,2,1,2023-24
2023-24,1610612752,NYK,New York Knicks,0022300615,2024-01-23T00:00:00,NYK @ BKN,W,48.0,40,86,0.465,10,29,0.345,18,19,0.947,11,31,42,21,14.0,8,8,5,13,19,108,5.0,1,1,1,1,3,49,52,45,65,69,52,36,57,4,56,48,52,57,44,28,5,34,5,37,54,42,1,2023-24
2023-24,1610612752,NYK,New York Knicks,0022300596,2024-01-20T00:00:00,NYK vs. TOR,W,48.0,48,88,0.545,14,39,0.359,16,20,0.8,15,46,61,27,22.0,4,7,5,20,18,126,26.0,1,1,1,1,3,7,40,7,30,17,46,49,50,35,19,1,1,21,81,75,7,34,56,47,8,6,1,2023-24
2023-24,1610612752,NYK,New York Knicks,0022300579,2024-01-18T00:00:00,NYK vs. WAS,W,48.0,39,86,0.453,13,38,0.342,22,26,0.846,7,40,47,22,17.0,6,5,4,18,24,113,4.0,1,1,1,1,3,53,52,52,42,24,55,11,19,23,74,8,30,54,69,57,23,21,45,8,38,44,1,2023-24
2023-24,1610612752,NYK,New York Knicks,0022300573,2024-01-17T00:00:00,NYK vs. HOU,W,48.0,39,87,0.448,13,37,0.351,18,22,0.818,12,39,51,24,15.0,6,5,9,20,18,109,15.0,1,1,1,1,3,53,46,55,42,33,50,36,41,26,44,13,16,43,55,57,23,72,56,47,51,20,1,2023-24
2023-24,1610612752,NYK,New York Knicks,0022300557,2024-01-15T00:00:00,NYK vs. ORL,L,48.0,33,83,0.398,13,40,0.325,15,22,0.682,13,28,41,20,10.0,3,3,3,20,20,94,-4.0,1,51,51,51,3,76,65,73,42,13,61,54,41,71,36,64,58,65,11,79,47,9,56,28,78,54,1,2023-24
2023-24,1610612752,NYK,New York Knicks,0022300544,2024-01-13T00:00:00,NYK @ MEM,W,48.0,40,83,0.482,13,38,0.342,13,19,0.684,15,41,56,25,23.0,11,11,6,15,16,106,12.0,1,1,1,1,3,49,65,30,42,24,55,63,57,70,19,6,4,35,82,5,1,52,16,61,58,27,1,2023-24
2023-24,1610612752,NYK,New York Knicks,0022300530,2024-01-11T00:00:00,NYK @ DAL,L,48.0,44,89,0.494,14,42,0.333,22,28,0.786,13,32,45,27,16.0,7,2,2,25,19,124,-4.0,1,51,51,51,3,23,34,23,30,8,58,11,11,43,36,39,41,21,61,41,62,3,81,37,14,54,1,2023-24
2023-24,1610612752,NYK,New York Knicks,0022300514,2024-01-09T00:00:00,NYK vs. POR,W,48.0,37,89,0.416,18,48,0.375,20,23,0.87,15,40,55,26,15.0,11,4,7,16,17,112,28.0,1,1,1,1,3,68,34,69,5,2,43,19,36,17,19,8,7,32,55,5,30,64,28,55,43,4,1,2023-24
2023-24,1610612752,NYK,New York Knicks,0022300494,2024-01-06T00:00:00,NYK @ WAS,W,48.0,43,87,0.494,14,36,0.389,21,24,0.875,11,34,45,27,14.0,9,2,3,16,20,121,16.0,1,1,1,1,3,31,46,24,30,42,33,15,31,16,56,26,41,21,44,16,62,9,28,28,23,17,1,2023-24
2023-24,1610612752,NYK,New York Knicks,0022300483,2024-01-05T00:00:00,NYK @ PHI,W,48.0,43,89,0.483,18,41,0.439,24,25,0.96,10,39,49,27,13.0,7,7,9,22,18,128,36.0,1,1,1,1,3,31,34,29,5,10,15,4,25,1,63,13,25,21,37,41,7,72,70,47,6,3,1,2023-24
2023-24,1610612752,NYK,New York Knicks,0022300468,2024-01-03T00:00:00,NYK vs. CHI,W,48.0,46,89,0.517,15,38,0.395,9,11,0.818,13,39,52,29,16.0,6,7,7,17,17,116,16.0,1,1,1,1,3,10,34,13,21,24,28,76,76,26,36,13,11,11,61,57,7,64,36,55,34,17,1,2023-24
2023-24,1610612752,NYK,New York Knicks,0022300451,2024-01-01T00:00:00,NYK vs. MIN,W,48.0,39,89,0.438,12,34,0.353,22,28,0.786,16,33,49,23,15.0,7,4,4,24,22,112,6.0,1,1,1,1,3,53,34,61,51,51,48,11,11,43,11,34,25,52,55,41,30,21,79,14,43,38,1,2023-24
2023-24,1610612752,NYK,New York Knicks,0022300441,2023-12-30T00:00:00,NYK @ IND,L,48.0,45,95,0.474,17,37,0.459,19,27,0.704,15,27,42,24,14.0,12,2,7,19,18,126,-14.0,1,51,51,51,3,15,10,39,8,33,10,30,16,62,19,68,52,43,44,2,62,64,52,47,8,71,1,2023-24
2023-24,1610612752,NYK,New York Knicks,0022300429,2023-12-29T00:00:00,NYK @ ORL,L,48.0,38,86,0.442,6,30,0.2,26,29,0.897,6,34,40,22,16.0,8,4,6,30,20,108,-9.0,1,51,51,51,3,58,52,58,80,65,80,3,9,12,78,26,63,54,61,28,30,52,82,28,54,64,1,2023-24
2023-24,1610612752,NYK,New York Knicks,0022300419,2023-12-27T00:00:00,NYK @ OKC,L,48.0,41,82,0.5,14,34,0.412,24,30,0.8,9,31,40,24,18.0,2,2,10,21,21,120,-9.0,1,51,51,51,3,40,71,18,30,51,24,4,6,35,67,48,63,43,73,80,62,76,65,23,25,64,1,2023-24
2023-24,1610612752,NYK,New York Knicks,0022300401,2023-12-25T00:00:00,NYK vs. MIL,W,48.0,50,92,0.543,8,26,0.308,21,26,0.808,7,34,41,27,12.0,7,4,4,18,23,129,7.0,1,1,1,1,3,4,20,8,76,81,66,15,19,34,74,26,58,21,30,41,30,21,45,9,4,35,1,2023-24
2023-24,1610612752,NYK,New York Knicks,0022300388,2023-12-23T00:00:00,NYK vs. MIL,L,48.0,41,93,0.441,9,29,0.31,20,21,0.952,11,30,41,17,11.0,5,2,2,22,22,111,-19.0,1,51,51,51,3,40,19,60,72,69,65,19,46,2,56,53,58,76,19,68,62,3,70,14,46,79,1,2023-24
2023-24,1610612752,NYK,New York Knicks,0022300368,2023-12-20T00:00:00,NYK @ BKN,W,48.0,44,95,0.463,13,33,0.394,20,25,0.8,12,42,54,24,11.0,8,7,9,15,20,121,19.0,1,1,1,1,3,23,10,47,42,58,31,19,25,35,44,3,8,43,19,28,7,72,16,28,23,14,1,2023-24
2023-24,1610612752,NYK,New York Knicks,0022300359,2023-12-18T00:00:00,NYK @ LAL,W,48.0,42,88,0.477,10,30,0.333,20,23,0.87,11,41,52,21,16.0,5,6,3,16,17,114,5.0,1,1,1,1,3,35,40,37,65,65,58,19,36,17,56,6,11,57,61,68,14,9,28,55,37,42,1,2023-24
2023-24,1610612752,NYK,New York Knicks,0022300343,2023-12-16T00:00:00,NYK @ LAC,L,48.0,44,94,0.468,11,35,0.314,23,26,0.885,12,27,39,20,10.0,7,4,6,22,21,122,-22.0,1,51,51,51,3,23,13,40,60,48,63,7,19,13,44,68,67,65,11,41,30,52,70,23,18,80,1,2023-24
2023-24,1610612752,NYK,New York Knicks,0022300333,2023-12-15T00:00:00,NYK @ PHX,W,48.0,49,82,0.598,17,29,0.586,24,28,0.857,9,29,38,28,11.0,9,5,3,20,17,139,17.0,1,1,1,1,3,5,71,2,8,69,1,4,11,20,67,59,70,15,19,16,23,9,56,55,2,16,1,2023-24
2023-24,1610612752,NYK,New York Knicks,0022300318,2023-12-13T00:00:00,NYK @ UTA,L,48.0,41,94,0.436,9,39,0.231,22,32,0.688,14,32,46,21,11.0,10,4,4,21,27,113,-4.0,1,51,51,51,3,40,13,63,72,17,76,11,4,69,29,39,36,57,19,10,30,21,65,1,38,54,1,2023-24
2023-24,1610612752,NYK,New York Knicks,0022300297,2023-12-11T00:00:00,NYK vs. TOR,W,48.0,52,86,0.605,17,29,0.586,15,23,0.652,14,28,42,36,15.0,5,3,0,22,21,136,6.0,1,1,1,1,3,2,52,1,8,69,1,54,36,78,29,64,52,2,55,68,47,1,70,23,3,38,1,2023-24
2023-24,1610612752,NYK,New York Knicks,0022301227,2023-12-08T00:00:00,NYK @ BOS,L,48.0,44,88,0.5,15,37,0.405,20,27,0.741,12,32,44,28,14.0,4,3,5,20,19,123,-10.0,1,51,51,51,3,23,40,18,21,33,27,19,16,54,44,39,46,15,44,75,47,34,56,37,16,67,1,2023-24
2023-24,1610612752,NYK,New York Knicks,0022301201,2023-12-05T00:00:00,NYK @ MIL,L,48.0,43,87,0.494,7,23,0.304,29,33,0.879,12,24,36,27,17.0,8,4,6,17,23,122,-24.0,1,51,51,51,3,31,46,24,78,82,69,1,3,15,44,77,76,21,69,28,30,52,36,9,18,82,1,2023-24
2023-24,1610612752,NYK,New York Knicks,0022300276,2023-12-01T00:00:00,NYK @ TOR,W,48.0,45,90,0.5,16,36,0.444,13,16,0.813,11,32,43,30,13.0,6,3,6,15,19,119,13.0,1,1,1,1,3,15,31,18,13,42,13,63,65,29,56,39,50,8,37,57,47,52,16,37,29,25,1,2023-24
2023-24,1610612752,NYK,New York Knicks,0022300268,2023-11-30T00:00:00,NYK vs. DET,W,48.0,41,88,0.466,16,41,0.39,20,28,0.714,12,29,41,25,11.0,8,3,3,17,25,118,6.0,1,1,1,1,3,40,40,42,13,10,32,19,11,58,44,59,58,35,19,28,47,9,36,4,31,38,1,2023-24
2023-24,1610612752,NYK,New York Knicks,0022300057,2023-11-28T00:00:00,NYK vs. CHA,W,48.0,41,88,0.466,15,38,0.395,18,20,0.9,15,39,54,21,16.0,10,7,2,12,14,115,24.0,1,1,1,1,3,40,40,42,21,24,28,36,50,11,19,13,8,57,61,10,7,3,2,76,36,8,1,2023-24
2023-24,1610612752,NYK,New York Knicks,0022300247,2023-11-26T00:00:00,NYK vs. PHX,L,48.0,39,86,0.453,12,29,0.414,23,32,0.719,13,25,38,18,7.0,7,5,11,19,25,113,-3.0,1,51,51,51,3,53,52,52,51,69,22,7,4,57,36,73,70,72,4,41,23,78,52,4,38,53,1,2023-24
2023-24,1610612752,NYK,New York Knicks,0022300045,2023-11-24T00:00:00,NYK vs. MIA,W,48.0,39,81,0.481,10,29,0.345,12,18,0.667,6,40,46,21,19.0,7,2,0,14,19,100,2.0,1,1,1,1,3,53,74,31,65,69,52,70,60,75,78,8,36,57,76,41,62,1,10,37,67,47,1,2023-24
2023-24,1610612752,NYK,New York Knicks,0022300221,2023-11-20T00:00:00,NYK @ MIN,L,48.0,32,92,0.348,9,38,0.237,27,34,0.794,17,33,50,16,10.0,8,3,7,23,26,100,-17.0,1,51,51,51,3,79,20,80,72,24,75,2,1,41,6,34,20,78,11,28,47,64,77,3,67,77,1,2023-24
2023-24,1610612752,NYK,New York Knicks,0022300202,2023-11-18T00:00:00,NYK @ CHA,W,48.0,46,91,0.505,16,37,0.432,14,19,0.737,13,34,47,27,12.0,7,4,5,13,22,122,14.0,1,1,1,1,3,10,27,16,13,33,17,59,57,55,36,26,30,21,30,41,30,34,5,14,18,22,1,2023-24
2023-24,1610612752,NYK,New York Knicks,0022300028,2023-11-17T00:00:00,NYK @ WAS,W,48.0,45,91,0.495,16,38,0.421,14,20,0.7,14,34,48,26,11.0,5,6,4,21,18,120,21.0,1,1,1,1,3,15,27,22,13,24,20,59,50,64,29,26,27,32,19,68,14,21,65,47,25,11,1,2023-24
2023-24,1610612752,NYK,New York Knicks,0022300193,2023-11-15T00:00:00,NYK @ ATL,W,48.0,45,94,0.479,16,34,0.471,10,11,0.909,14,28,42,29,17.0,9,2,6,20,20,116,2.0,1,1,1,1,3,15,13,35,13,51,8,73,76,9,29,64,52,11,69,16,62,52,56,28,34,47,1,2023-24
2023-24,1610612752,NYK,New York Knicks,0022300188,2023-11-13T00:00:00,NYK @ BOS,L,48.0,33,79,0.418,15,35,0.429,17,24,0.708,12,25,37,17,12.0,5,2,3,16,22,98,-16.0,1,51,51,51,3,76,77,67,21,48,18,42,31,60,44,73,74,76,30,68,62,9,28,14,75,75,1,2023-24
2023-24,1610612752,NYK,New York Knicks,0022300177,2023-11-12T00:00:00,NYK vs. CHA,W,48.0,47,87,0.54,15,36,0.417,20,30,0.667,10,30,40,25,9.0,8,4,4,18,25,129,22.0,1,1,1,1,3,9,46,9,21,42,21,19,6,75,63,53,63,35,8,28,30,21,45,4,4,10,1,2023-24
2023-24,1610612752,NYK,New York Knicks,0022300161,2023-11-08T00:00:00,NYK vs. SAS,W,48.0,46,100,0.46,19,42,0.452,15,22,0.682,13,34,47,28,4.0,7,0,7,14,22,126,21.0,1,1,1,1,3,10,3,49,3,8,12,54,41,71,36,26,30,15,1,41,80,64,10,14,8,11,1,2023-24
2023-24,1610612752,NYK,New York Knicks,0022300151,2023-11-06T00:00:00,NYK vs. LAC,W,48.0,41,88,0.466,12,31,0.387,17,18,0.944,18,30,48,28,20.0,13,1,3,13,15,111,14.0,1,1,1,1,3,40,40,42,51,63,35,42,60,5,3,53,27,15,78,1,74,9,5,72,46,22,1,2023-24
2023-24,1610612752,NYK,New York Knicks,0022300002,2023-11-03T00:00:00,NYK @ MIL,L,48.0,38,96,0.396,10,39,0.256,19,25,0.76,16,40,56,18,11.0,6,1,11,22,16,105,-5.0,1,51,51,51,3,58,9,74,65,17,74,30,25,49,11,8,4,72,19,57,74,78,70,61,60,59,1,2023-24
2023-24,1610612752,NYK,New York Knicks,0022300120,2023-11-01T00:00:00,NYK vs. CLE,L,48.0,32,92,0.348,5,30,0.167,20,30,0.667,16,34,50,18,14.0,10,3,5,16,27,89,-6.0,1,51,51,51,3,79,20,80,82,65,82,19,6,75,11,26,20,72,44,10,47,34,28,1,80,60,1,2023-24
2023-24,1610612752,NYK,New York Knicks,0022300112,2023-10-31T00:00:00,NYK @ CLE,W,48.0,38,86,0.442,13,34,0.382,20,25,0.8,12,36,48,18,14.0,9,1,6,17,19,109,18.0,1,1,1,1,3,58,52,58,42,51,37,19,25,35,44,20,27,72,44,16,74,52,36,37,51,15,1,2023-24
2023-24,1610612752,NYK,New York Knicks,0022300090,2023-10-28T00:00:00,NYK @ NOP,L,48.0,33,90,0.367,7,37,0.189,14,18,0.778,16,43,59,19,19.0,7,3,5,17,22,87,-9.0,1,51,51,51,3,76,31,79,78,33,81,59,60,45,11,2,3,68,76,41,47,34,36,14,81,64,1,2023-24
2023-24,1610612752,NYK,New York Knicks,0022300079,2023-10-27T00:00:00,NYK @ ATL,W,48.0,43,90,0.478,20,44,0.455,20,28,0.714,12,33,45,30,16.0,9,6,6,21,20,126,6.0,1,1,1,1,3,31,31,36,2,5,11,19,11,58,44,34,41,8,61,16,14,52,65,28,8,38,1,2023-24
2023-24,1610612752,NYK,New York Knicks,0022300065,2023-10-25T00:00:00,NYK vs. BOS,L,48.0,36,97,0.371,18,41,0.439,14,26,0.538,17,30,47,24,11.0,9,0,11,22,22,104,-4.0,1,51,51,51,3,71,7,77,5,10,15,59,19,81,6,53,30,43,19,16,80,78,70,14,64,54,1,2023-24
2024-25,1610612752,NYK,New York Knicks,0022401188,2025-04-13T00:00:00,NYK @ BKN,W,48.0,37,86,0.43,16,42,0.381,23,26,0.885,10,30,40,27,12.0,10,3,2,25,24,113,8.0,1,1,1,1,9,69,53,68,17,11,38,11,18,14,43,48,54,42,27,13,41,2,80,7,45,36,1,2024-25
2024-25,1610612752,NYK,New York Knicks,0022401175,2025-04-11T00:00:00,NYK vs. CLE,L,48.0,36,88,0.409,16,41,0.39,14,20,0.7,10,25,35,22,11.0,11,2,2,18,17,102,-6.0,1,52,52,52,9,73,46,75,17,13,31,48,37,68,43,78,73,65,18,8,63,2,46,53,70,58,1,2024-25
2024-25,1610612752,NYK,New York Knicks,0022401167,2025-04-10T00:00:00,NYK @ DET,L,48.0,42,90,0.467,11,34,0.324,11,14,0.786,11,23,34,32,17.0,11,6,6,19,23,106,-9.0,1,52,52,52,9,45,36,52,46,40,57,70,73,52,36,80,77,15,71,8,12,51,58,9,60,61,1,2024-25
2024-25,1610612752,NYK,New York Knicks,0022401151,2025-04-08T00:00:00,NYK vs. BOS,L,53.0,48,101,0.475,11,38,0.289,10,16,0.625,17,35,52,28,11.0,8,6,4,21,17,117,-2.0,1,52,52,52,1,14,4,48,46,24,67,76,59,78,2,17,7,35,18,37,12,23,68,53,33,53,1,2024-25
2024-25,1610612752,NYK,New York Knicks,0022401140,2025-04-06T00:00:00,NYK vs. PHX,W,48.0,40,74,0.541,12,28,0.429,20,24,0.833,6,35,41,28,15.0,6,3,3,18,22,112,14.0,1,1,1,1,9,55,81,11,39,61,18,23,23,28,72,17,48,35,48,61,41,10,46,14,49,23,1,2024-25
2024-25,1610612752,NYK,New York Knicks,0022401128,2025-04-05T00:00:00,NYK @ ATL,W,48.0,45,84,0.536,15,29,0.517,16,19,0.842,6,32,38,32,14.0,8,5,7,13,18,121,16.0,1,1,1,1,9,27,62,14,21,59,4,34,43,25,72,35,67,15,42,37,19,67,7,48,25,18,1,2024-25
2024-25,1610612752,NYK,New York Knicks,0022401103,2025-04-02T00:00:00,NYK @ CLE,L,48.0,40,90,0.444,11,36,0.306,14,17,0.824,15,24,39,24,16.0,7,2,5,19,18,105,-19.0,1,52,52,52,9,55,36,62,46,34,62,48,56,33,11,79,61,59,60,46,63,39,58,48,62,78,1,2024-25
2024-25,1610612752,NYK,New York Knicks,0022401098,2025-04-01T00:00:00,NYK vs. PHI,W,48.0,36,85,0.424,12,31,0.387,21,26,0.808,14,30,44,23,19.0,10,4,5,18,21,105,14.0,1,1,1,1,9,73,59,73,39,53,33,19,18,40,17,48,26,63,79,13,27,39,46,22,62,23,1,2024-25
2024-25,1610612752,NYK,New York Knicks,0022401082,2025-03-30T00:00:00,NYK vs. POR,W,48.0,45,84,0.536,10,25,0.4,10,13,0.769,9,35,44,27,15.0,10,10,4,17,12,110,17.0,1,1,1,1,9,27,62,14,55,73,28,76,75,59,52,17,26,42,48,13,2,23,40,79,54,17,1,2024-25
2024-25,1610612752,NYK,New York Knicks,0022401070,2025-03-28T00:00:00,NYK @ MIL,W,48.0,45,93,0.484,12,33,0.364,14,16,0.875,14,30,44,28,9.0,12,1,3,14,14,116,9.0,1,1,1,1,9,27,22,44,39,47,46,48,59,16,17,48,26,35,7,5,74,10,13,73,35,32,1,2024-25
2024-25,1610612752,NYK,New York Knicks,0022401056,2025-03-26T00:00:00,NYK vs. LAC,L,48.0,42,84,0.5,13,34,0.382,16,22,0.727,7,31,38,35,10.0,4,1,8,14,21,113,-13.0,1,52,52,52,9,45,62,33,33,40,37,34,31,64,63,41,67,7,14,76,74,73,13,22,45,69,1,2024-25
2024-25,1610612752,NYK,New York Knicks,0022401048,2025-03-25T00:00:00,NYK vs. DAL,W,48.0,53,89,0.596,10,26,0.385,12,18,0.667,5,31,36,40,15.0,9,4,3,18,16,128,15.0,1,1,1,1,9,4,43,2,55,69,36,61,49,73,79,41,72,2,48,28,27,10,46,61,12,21,1,2024-25
2024-25,1610612752,NYK,New York Knicks,0022401026,2025-03-22T00:00:00,NYK vs. WAS,W,48.0,44,91,0.484,13,35,0.371,21,27,0.778,14,35,49,29,16.0,13,3,5,17,23,122,19.0,1,1,1,1,9,33,31,45,33,38,42,19,15,57,17,17,8,29,60,3,41,39,40,9,23,16,1,2024-25
2024-25,1610612752,NYK,New York Knicks,0022401010,2025-03-20T00:00:00,NYK @ CHA,L,48.0,36,90,0.4,10,39,0.256,16,20,0.8,9,29,38,26,7.0,9,2,3,18,20,98,-17.0,1,52,52,52,9,73,36,76,55,21,75,34,37,42,52,55,67,49,3,28,63,10,46,28,78,76,1,2024-25
2024-25,1610612752,NYK,New York Knicks,0022401003,2025-03-19T00:00:00,NYK @ SAS,L,48.0,39,92,0.424,11,37,0.297,16,21,0.762,17,27,44,28,11.0,7,7,7,18,22,105,-15.0,1,52,52,52,9,66,26,72,46,28,65,34,33,60,2,65,26,35,18,46,6,67,46,14,62,72,1,2024-25
2024-25,1610612752,NYK,New York Knicks,0022400984,2025-03-17T00:00:00,NYK vs. MIA,W,48.0,47,95,0.495,16,34,0.471,6,6,1.0,13,28,41,30,14.0,12,6,6,14,11,116,21.0,1,1,1,1,9,18,13,38,17,40,9,81,82,1,25,60,48,24,42,5,12,51,13,82,35,14,1,2024-25
2024-25,1610612752,NYK,New York Knicks,0022400974,2025-03-15T00:00:00,NYK @ GSW,L,48.0,37,86,0.43,9,24,0.375,11,13,0.846,13,36,49,20,13.0,6,6,5,16,13,94,-3.0,1,52,52,52,9,69,53,68,64,76,39,70,75,24,25,14,8,70,35,61,12,39,31,77,81,54,1,2024-25
2024-25,1610612752,NYK,New York Knicks,0022400953,2025-03-12T00:00:00,NYK @ POR,W,53.0,44,94,0.468,12,31,0.387,14,20,0.7,11,27,38,27,15.0,12,7,6,21,18,114,1.0,1,1,1,1,1,33,17,51,39,53,33,48,37,68,36,65,67,42,48,5,6,51,68,48,41,48,1,2024-25
2024-25,1610612752,NYK,New York Knicks,0022400939,2025-03-10T00:00:00,NYK @ SAC,W,48.0,45,84,0.536,22,40,0.55,21,26,0.808,6,34,40,34,16.0,13,1,4,24,20,133,29.0,1,1,1,1,9,27,62,14,1,15,1,19,18,40,72,25,54,9,60,3,74,23,79,28,10,5,1,2024-25
2024-25,1610612752,NYK,New York Knicks,0022400911,2025-03-07T00:00:00,NYK @ LAC,L,48.0,35,91,0.385,9,34,0.265,16,18,0.889,14,39,53,25,15.0,6,4,8,15,17,95,-10.0,1,52,52,52,9,78,31,82,64,40,73,34,49,13,17,5,5,55,48,61,27,73,21,53,80,64,1,2024-25
2024-25,1610612752,NYK,New York Knicks,0022400903,2025-03-06T00:00:00,NYK @ LAL,L,53.0,37,94,0.394,10,43,0.233,25,32,0.781,14,32,46,20,16.0,10,2,4,21,28,109,-4.0,1,52,52,52,1,69,17,77,55,10,79,3,3,55,17,35,19,70,60,13,63,23,68,2,56,55,1,2024-25
2024-25,1610612752,NYK,New York Knicks,0022400885,2025-03-04T00:00:00,NYK vs. GSW,L,48.0,41,92,0.446,8,33,0.242,12,15,0.8,14,28,42,26,14.0,4,2,7,17,14,102,-12.0,1,52,52,52,9,52,26,61,72,47,77,61,67,42,17,60,42,49,42,76,63,67,40,73,70,67,1,2024-25
2024-25,1610612752,NYK,New York Knicks,0022400869,2025-03-02T00:00:00,NYK @ MIA,W,53.0,46,95,0.484,14,44,0.318,10,15,0.667,11,35,46,27,13.0,5,6,6,16,16,116,4.0,1,1,1,1,1,23,13,43,27,7,61,76,67,73,36,17,19,42,35,70,12,51,31,61,35,42,1,2024-25
2024-25,1610612752,NYK,New York Knicks,0022400856,2025-02-28T00:00:00,NYK @ MEM,W,48.0,44,95,0.463,13,38,0.342,13,16,0.813,8,27,35,29,9.0,10,7,4,16,17,114,1.0,1,1,1,1,9,33,13,55,33,24,51,58,59,37,56,65,73,29,7,13,6,23,31,53,41,48,1,2024-25
2024-25,1610612752,NYK,New York Knicks,0022400838,2025-02-26T00:00:00,NYK vs. PHI,W,48.0,40,77,0.519,7,19,0.368,23,29,0.793,7,36,43,22,16.0,6,8,6,15,19,110,5.0,1,1,1,1,9,55,78,24,76,81,44,11,8,48,63,14,33,65,60,61,5,51,21,36,54,40,1,2024-25
2024-25,1610612752,NYK,New York Knicks,0022400811,2025-02-23T00:00:00,NYK @ BOS,L,48.0,40,92,0.435,14,36,0.389,11,11,1.0,7,33,40,21,11.0,4,1,5,15,14,105,-13.0,1,52,52,52,9,55,26,67,27,34,32,70,79,1,63,31,54,69,18,76,74,39,21,73,62,69,1,2024-25
2024-25,1610612752,NYK,New York Knicks,0022400797,2025-02-21T00:00:00,NYK @ CLE,L,48.0,42,89,0.472,10,28,0.357,11,18,0.611,9,23,32,25,17.0,8,3,2,12,15,105,-37.0,1,52,52,52,9,45,43,50,55,61,48,70,49,79,52,80,80,55,71,37,41,2,1,68,62,82,1,2024-25
2024-25,1610612752,NYK,New York Knicks,0022400792,2025-02-20T00:00:00,NYK vs. CHI,W,53.0,46,107,0.43,14,46,0.304,7,10,0.7,10,44,54,28,13.0,10,7,6,12,12,113,2.0,1,1,1,1,1,23,2,71,27,3,63,80,80,68,43,2,3,35,35,13,6,51,1,79,45,46,1,2024-25
2024-25,1610612752,NYK,New York Knicks,0022400773,2025-02-12T00:00:00,NYK vs. ATL,W,53.0,54,94,0.574,11,26,0.423,30,37,0.811,8,31,39,28,18.0,6,5,10,23,29,149,1.0,1,1,1,1,1,3,17,6,46,69,21,1,1,39,56,41,61,35,76,61,19,81,76,1,1,48,1,2024-25
2024-25,1610612752,NYK,New York Knicks,0022400765,2025-02-11T00:00:00,NYK @ IND,W,48.0,49,91,0.538,10,27,0.37,20,23,0.87,13,35,48,37,16.0,6,2,3,22,17,128,13.0,1,1,1,1,9,13,31,13,55,67,43,23,26,20,25,17,13,5,60,61,63,10,75,53,12,27,1,2024-25
2024-25,1610612752,NYK,New York Knicks,0022400748,2025-02-08T00:00:00,NYK vs. BOS,L,48.0,35,83,0.422,9,24,0.375,25,29,0.862,7,23,30,16,9.0,9,1,7,15,21,104,-27.0,1,52,52,52,9,78,68,74,64,76,39,3,8,22,63,80,82,81,7,28,74,67,21,22,67,81,1,2024-25
2024-25,1610612752,NYK,New York Knicks,0022400713,2025-02-04T00:00:00,NYK @ TOR,W,48.0,47,94,0.5,8,25,0.32,19,23,0.826,17,26,43,26,13.0,10,4,4,15,22,121,6.0,1,1,1,1,9,18,17,33,72,73,60,28,26,32,2,74,33,49,35,13,27,23,21,14,25,37,1,2024-25
2024-25,1610612752,NYK,New York Knicks,0022400702,2025-02-03T00:00:00,NYK vs. HOU,W,48.0,47,93,0.505,6,26,0.231,24,30,0.8,12,28,40,24,14.0,9,5,6,15,26,124,6.0,1,1,1,1,9,18,22,32,79,69,80,6,5,42,30,60,54,59,42,28,19,51,21,3,19,37,1,2024-25
2024-25,1610612752,NYK,New York Knicks,0022400692,2025-02-01T00:00:00,NYK vs. LAL,L,48.0,44,95,0.463,10,28,0.357,14,19,0.737,16,28,44,33,14.0,7,3,4,16,22,112,-16.0,1,52,52,52,9,33,13,55,55,61,48,48,43,63,8,60,26,12,42,46,41,23,31,14,49,75,1,2024-25
2024-25,1610612752,NYK,New York Knicks,0022400668,2025-01-29T00:00:00,NYK vs. DEN,W,48.0,48,93,0.516,14,34,0.412,12,18,0.667,6,29,35,33,6.0,7,2,5,16,19,122,10.0,1,1,1,1,9,14,22,26,27,40,23,61,49,73,72,55,73,12,2,46,63,39,31,36,23,30,1,2024-25
2024-25,1610612752,NYK,New York Knicks,0022400653,2025-01-27T00:00:00,NYK vs. MEM,W,48.0,56,108,0.519,17,44,0.386,14,18,0.778,17,29,46,32,11.0,20,7,9,16,16,143,37.0,1,1,1,1,9,1,1,25,12,7,35,48,49,57,2,55,19,15,18,1,6,76,31,61,3,1,1,2024-25
2024-25,1610612752,NYK,New York Knicks,0022400641,2025-01-25T00:00:00,NYK vs. SAC,W,48.0,52,105,0.495,17,36,0.472,22,23,0.957,17,36,53,40,11.0,9,4,5,13,19,143,23.0,1,1,1,1,9,5,3,36,12,34,8,16,26,5,2,14,5,2,18,28,27,39,7,36,3,11,1,2024-25
2024-25,1610612752,NYK,New York Knicks,0022400606,2025-01-21T00:00:00,NYK @ BKN,W,48.0,40,87,0.46,8,28,0.286,11,14,0.786,9,33,42,29,12.0,11,3,9,20,18,99,4.0,1,1,1,1,9,55,51,57,72,61,68,70,73,52,52,31,42,29,27,8,41,76,64,48,75,42,1,2024-25
2024-25,1610612752,NYK,New York Knicks,0022400602,2025-01-20T00:00:00,NYK vs. ATL,W,48.0,47,90,0.522,9,26,0.346,16,21,0.762,12,27,39,31,16.0,8,1,6,21,21,119,9.0,1,1,1,1,9,18,36,23,64,69,50,34,33,60,30,65,61,19,60,37,74,51,68,22,29,32,1,2024-25
2024-25,1610612752,NYK,New York Knicks,0022400578,2025-01-17T00:00:00,NYK vs. MIN,L,48.0,35,90,0.389,14,34,0.412,15,17,0.882,15,26,41,19,9.0,10,4,2,13,16,99,-17.0,1,52,52,52,9,78,36,79,27,40,23,44,56,15,11,74,48,77,7,13,27,2,7,61,75,76,1,2024-25
2024-25,1610612752,NYK,New York Knicks,0022400561,2025-01-15T00:00:00,NYK @ PHI,W,53.0,46,86,0.535,16,37,0.432,17,24,0.708,15,30,45,28,16.0,10,3,2,14,19,125,6.0,1,1,1,1,1,23,53,17,17,28,17,33,23,65,11,48,22,35,60,13,41,2,13,36,17,37,1,2024-25
2024-25,1610612752,NYK,New York Knicks,0022400549,2025-01-13T00:00:00,NYK vs. DET,L,48.0,40,80,0.5,15,37,0.405,24,29,0.828,10,32,42,26,18.0,5,2,2,21,21,119,-5.0,1,52,52,52,9,55,75,33,21,28,25,6,8,31,43,35,42,49,76,70,63,2,68,22,29,56,1,2024-25
2024-25,1610612752,NYK,New York Knicks,0022400539,2025-01-12T00:00:00,NYK vs. MIL,W,48.0,51,88,0.58,18,41,0.439,20,24,0.833,10,39,49,29,12.0,6,4,3,18,20,140,34.0,1,1,1,1,9,7,46,5,8,13,16,23,23,28,43,5,8,29,27,61,27,10,46,28,5,2,1,2024-25
2024-25,1610612752,NYK,New York Knicks,0022400529,2025-01-10T00:00:00,NYK vs. OKC,L,48.0,37,96,0.385,4,31,0.129,23,23,1.0,16,27,43,18,12.0,7,3,9,15,23,101,-25.0,1,52,52,52,9,69,12,81,80,53,82,11,26,1,8,65,33,79,27,46,41,76,21,9,72,80,1,2024-25
2024-25,1610612752,NYK,New York Knicks,0022400511,2025-01-08T00:00:00,NYK vs. TOR,W,48.0,42,88,0.477,12,33,0.364,16,20,0.8,15,28,43,24,16.0,9,4,6,15,15,112,14.0,1,1,1,1,9,45,46,47,39,47,46,34,37,42,11,60,33,59,60,28,27,51,21,68,49,23,1,2024-25
2024-25,1610612752,NYK,New York Knicks,0022400496,2025-01-06T00:00:00,NYK vs. ORL,L,48.0,36,81,0.444,4,22,0.182,18,22,0.818,11,27,38,16,12.0,4,3,5,18,19,94,-9.0,1,52,52,52,9,73,73,62,80,80,81,30,31,35,36,65,67,81,27,76,41,39,46,36,81,61,1,2024-25
2024-25,1610612752,NYK,New York Knicks,0022400482,2025-01-04T00:00:00,NYK @ CHI,L,48.0,48,97,0.495,8,30,0.267,22,28,0.786,18,31,49,27,13.0,7,3,4,13,21,126,-13.0,1,52,52,52,9,14,9,37,72,57,71,16,13,52,1,41,8,42,35,46,41,23,7,22,15,69,1,2024-25
2024-25,1610612752,NYK,New York Knicks,0022400473,2025-01-03T00:00:00,NYK @ OKC,L,48.0,43,90,0.478,9,32,0.281,12,17,0.706,11,31,42,22,12.0,7,2,7,17,17,107,-10.0,1,52,52,52,9,40,36,46,64,51,69,61,56,66,36,41,42,65,27,46,63,67,40,53,59,64,1,2024-25
2024-25,1610612752,NYK,New York Knicks,0022400458,2025-01-01T00:00:00,NYK vs. UTA,W,48.0,47,85,0.553,9,23,0.391,16,23,0.696,6,41,47,31,13.0,10,6,6,16,19,119,16.0,1,1,1,1,9,18,59,9,64,79,30,34,26,71,72,3,15,19,35,13,12,51,31,36,29,18,1,2024-25
2024-25,1610612752,NYK,New York Knicks,0022400443,2024-12-30T00:00:00,NYK @ WAS,W,48.0,45,98,0.459,15,44,0.341,21,25,0.84,15,39,54,34,8.0,9,2,8,19,23,126,20.0,1,1,1,1,9,27,8,58,21,7,53,19,22,27,11,5,3,9,4,28,63,73,58,9,15,15,1,2024-25
2024-25,1610612752,NYK,New York Knicks,0022400429,2024-12-28T00:00:00,NYK @ WAS,W,53.0,51,97,0.526,10,40,0.25,24,26,0.923,10,33,43,26,15.0,7,3,4,14,22,136,4.0,1,1,1,1,1,7,9,21,55,15,76,6,18,7,43,31,33,49,48,46,41,23,13,14,8,42,1,2024-25
2024-25,1610612752,NYK,New York Knicks,0022400419,2024-12-27T00:00:00,NYK @ ORL,W,48.0,40,75,0.533,4,15,0.267,24,34,0.706,12,32,44,18,18.0,10,3,3,20,23,108,23.0,1,1,1,1,9,55,80,18,80,82,71,6,2,66,30,35,26,79,76,13,41,10,64,9,58,11,1,2024-25
2024-25,1610612752,NYK,New York Knicks,0022400405,2024-12-25T00:00:00,NYK vs. SAS,W,48.0,45,100,0.45,13,39,0.333,14,16,0.875,17,30,47,26,5.0,7,3,6,17,15,117,3.0,1,1,1,1,9,27,6,60,33,21,54,48,59,16,2,48,15,49,1,46,41,51,40,68,33,45,1,2024-25
2024-25,1610612752,NYK,New York Knicks,0022400397,2024-12-23T00:00:00,NYK vs. TOR,W,48.0,51,86,0.593,17,37,0.459,20,29,0.69,8,27,35,34,17.0,9,1,3,27,25,139,14.0,1,1,1,1,9,7,53,3,12,28,11,23,8,72,56,65,73,9,71,28,74,10,82,5,6,23,1,2024-25
2024-25,1610612752,NYK,New York Knicks,0022400384,2024-12-21T00:00:00,NYK @ NOP,W,48.0,38,87,0.437,15,37,0.405,13,15,0.867,15,27,42,24,17.0,11,3,5,18,20,104,11.0,1,1,1,1,9,68,51,66,21,28,25,58,67,21,11,65,42,59,71,8,41,39,46,28,67,29,1,2024-25
2024-25,1610612752,NYK,New York Knicks,0022400367,2024-12-19T00:00:00,NYK @ MIN,W,48.0,50,97,0.515,20,45,0.444,13,16,0.813,16,41,57,39,15.0,10,2,5,12,15,133,26.0,1,1,1,1,9,11,9,27,3,5,13,58,59,37,8,3,2,4,48,13,63,39,1,68,10,8,1,2024-25
2024-25,1610612752,NYK,New York Knicks,0022401227,2024-12-15T00:00:00,NYK @ ORL,W,48.0,33,71,0.465,10,24,0.417,24,30,0.8,7,38,45,20,19.0,8,3,10,16,26,100,9.0,1,1,1,1,9,82,82,54,55,76,22,6,5,42,63,9,22,70,79,37,41,81,31,3,73,32,1,2024-25
2024-25,1610612752,NYK,New York Knicks,0022401202,2024-12-11T00:00:00,NYK vs. ATL,L,48.0,40,93,0.43,11,42,0.262,9,15,0.6,12,37,49,27,15.0,8,11,7,14,13,100,-8.0,1,52,52,52,9,55,22,70,46,11,74,79,67,80,30,10,8,42,48,37,1,67,13,77,73,60,1,2024-25
2024-25,1610612752,NYK,New York Knicks,0022400359,2024-12-09T00:00:00,NYK @ TOR,W,48.0,42,82,0.512,17,40,0.425,12,19,0.632,6,34,40,32,10.0,7,7,4,13,16,113,5.0,1,1,1,1,9,45,71,29,12,15,20,61,43,77,72,25,54,15,14,46,6,23,7,61,45,40,1,2024-25
2024-25,1610612752,NYK,New York Knicks,0022400343,2024-12-07T00:00:00,NYK vs. DET,L,48.0,42,79,0.532,11,34,0.324,16,27,0.593,4,27,31,27,15.0,11,5,0,12,20,111,-9.0,1,52,52,52,9,45,76,19,46,40,57,34,15,82,82,65,81,42,48,8,19,1,1,28,52,61,1,2024-25
2024-25,1610612752,NYK,New York Knicks,0022400327,2024-12-05T00:00:00,NYK vs. CHA,W,48.0,41,76,0.539,18,33,0.545,25,32,0.781,6,37,43,29,9.0,7,4,4,13,22,125,24.0,1,1,1,1,9,52,79,12,8,47,2,3,3,55,72,10,33,29,7,46,27,23,7,14,17,10,1,2024-25
2024-25,1610612752,NYK,New York Knicks,0022400053,2024-12-03T00:00:00,NYK vs. ORL,W,48.0,43,85,0.506,15,35,0.429,20,20,1.0,5,34,39,30,19.0,6,4,4,25,19,121,15.0,1,1,1,1,9,40,59,31,21,38,18,23,37,1,79,25,61,24,79,61,27,23,80,36,25,21,1,2024-25
2024-25,1610612752,NYK,New York Knicks,0022400308,2024-12-01T00:00:00,NYK vs. NOP,W,48.0,42,92,0.457,20,45,0.444,14,16,0.875,14,46,60,30,17.0,10,9,9,14,19,118,33.0,1,1,1,1,9,45,26,59,3,5,13,48,59,16,17,1,1,24,71,13,4,76,13,36,32,3,1,2024-25
2024-25,1610612752,NYK,New York Knicks,0022400040,2024-11-29T00:00:00,NYK @ CHA,W,48.0,36,81,0.444,12,32,0.375,15,19,0.789,12,32,44,20,21.0,7,5,6,19,19,99,1.0,1,1,1,1,9,73,73,62,39,51,39,44,43,50,30,35,26,70,82,46,19,51,58,36,75,48,1,2024-25
2024-25,1610612752,NYK,New York Knicks,0022400292,2024-11-27T00:00:00,NYK @ DAL,L,48.0,40,86,0.465,7,29,0.241,27,30,0.9,7,26,33,20,9.0,9,3,4,19,25,114,-15.0,1,52,52,52,9,55,53,53,76,59,78,2,5,11,63,74,79,70,7,28,41,23,58,5,41,72,1,2024-25
2024-25,1610612752,NYK,New York Knicks,0022400283,2024-11-25T00:00:00,NYK @ DEN,W,48.0,56,92,0.609,19,36,0.528,14,16,0.875,8,35,43,45,11.0,5,4,3,23,18,145,27.0,1,1,1,1,9,1,26,1,6,34,3,48,59,16,56,17,33,1,18,70,27,10,76,48,2,7,1,2024-25
2024-25,1610612752,NYK,New York Knicks,0022400264,2024-11-23T00:00:00,NYK @ UTA,L,48.0,39,100,0.39,17,51,0.333,11,12,0.917,11,29,40,25,9.0,10,10,4,19,19,106,-15.0,1,52,52,52,9,66,6,78,12,1,54,70,78,9,36,55,54,55,7,13,2,23,58,36,60,72,1,2024-25
2024-25,1610612752,NYK,New York Knicks,0022400257,2024-11-20T00:00:00,NYK @ PHX,W,48.0,50,86,0.581,19,39,0.487,19,21,0.905,10,31,41,30,15.0,10,0,2,15,16,138,16.0,1,1,1,1,9,11,53,4,6,21,6,28,33,10,43,41,48,24,48,13,82,2,21,61,7,18,1,2024-25
2024-25,1610612752,NYK,New York Knicks,0022400246,2024-11-18T00:00:00,NYK vs. WAS,W,48.0,51,91,0.56,20,40,0.5,12,13,0.923,7,34,41,37,8.0,4,1,3,12,19,134,28.0,1,1,1,1,9,7,31,7,3,15,5,61,75,7,63,25,48,5,4,76,74,10,1,36,9,6,1,2024-25
2024-25,1610612752,NYK,New York Knicks,0022400240,2024-11-17T00:00:00,NYK vs. BKN,W,48.0,43,88,0.489,13,40,0.325,15,19,0.789,10,37,47,33,8.0,4,5,3,23,19,114,10.0,1,1,1,1,9,40,46,40,33,15,56,44,43,50,43,10,15,12,4,76,19,10,76,36,41,30,1,2024-25
2024-25,1610612752,NYK,New York Knicks,0022400014,2024-11-15T00:00:00,NYK vs. BKN,W,48.0,44,83,0.53,13,38,0.342,23,28,0.821,8,37,45,25,13.0,7,6,2,21,22,124,2.0,1,1,1,1,9,33,68,20,33,24,51,11,13,34,56,10,22,55,35,46,12,2,68,14,19,46,1,2024-25
2024-25,1610612752,NYK,New York Knicks,0022400219,2024-11-13T00:00:00,NYK vs. CHI,L,48.0,48,94,0.511,15,37,0.405,12,18,0.667,10,30,40,31,15.0,7,3,6,17,17,123,-1.0,1,52,52,52,9,14,17,30,21,28,25,61,49,73,43,48,54,19,48,46,41,51,40,53,21,52,1,2024-25
2024-25,1610612752,NYK,New York Knicks,0022400004,2024-11-12T00:00:00,NYK @ PHI,W,48.0,44,89,0.494,9,31,0.29,14,15,0.933,8,39,47,31,15.0,8,5,6,15,20,111,12.0,1,1,1,1,9,33,43,39,64,53,66,48,67,6,56,5,15,19,48,37,19,51,21,28,52,28,1,2024-25
2024-25,1610612752,NYK,New York Knicks,0022400203,2024-11-10T00:00:00,NYK @ IND,L,48.0,46,83,0.554,7,25,0.28,22,27,0.815,8,31,39,23,14.0,5,3,4,20,22,121,-11.0,1,52,52,52,9,23,68,8,76,73,70,16,15,36,56,41,61,63,42,70,41,23,64,14,25,66,1,2024-25
2024-25,1610612752,NYK,New York Knicks,0022400189,2024-11-08T00:00:00,NYK vs. MIL,W,48.0,43,91,0.473,14,46,0.304,16,19,0.842,14,34,48,35,11.0,7,3,5,20,16,116,22.0,1,1,1,1,9,40,31,49,27,3,63,34,43,25,17,25,13,7,18,46,41,39,64,61,35,13,1,2024-25
2024-25,1610612752,NYK,New York Knicks,0022400171,2024-11-06T00:00:00,NYK @ ATL,L,48.0,41,84,0.488,22,47,0.468,12,15,0.8,7,34,41,29,16.0,5,5,4,18,14,116,-5.0,1,52,52,52,9,52,62,41,1,2,10,61,67,42,63,25,48,29,60,70,19,23,46,73,35,56,1,2024-25
2024-25,1610612752,NYK,New York Knicks,0022400161,2024-11-04T00:00:00,NYK @ HOU,L,48.0,34,88,0.386,11,28,0.393,18,21,0.857,13,26,39,20,10.0,6,4,6,18,20,97,-12.0,1,52,52,52,9,81,46,80,46,61,29,30,33,23,25,74,61,70,14,61,27,51,46,28,79,67,1,2024-25
2024-25,1610612752,NYK,New York Knicks,0022400134,2024-11-01T00:00:00,NYK @ DET,W,48.0,52,101,0.515,18,38,0.474,6,10,0.6,12,33,45,31,10.0,16,3,9,14,12,128,30.0,1,1,1,1,9,5,4,28,8,24,7,81,80,80,30,31,22,19,14,2,41,76,13,79,12,4,1,2024-25
2024-25,1610612752,NYK,New York Knicks,0022400122,2024-10-30T00:00:00,NYK @ MIA,W,48.0,40,82,0.488,18,40,0.45,18,20,0.9,7,35,42,30,11.0,8,4,3,16,17,116,9.0,1,1,1,1,9,55,71,42,8,15,12,30,37,11,63,17,42,24,18,37,27,10,31,53,35,32,1,2024-25
2024-25,1610612752,NYK,New York Knicks,0022400106,2024-10-28T00:00:00,NYK vs. CLE,L,48.0,40,90,0.444,9,28,0.321,15,18,0.833,13,30,43,22,16.0,8,3,5,21,20,104,-6.0,1,52,52,52,9,55,36,62,64,61,59,44,49,28,25,48,33,65,60,37,41,39,68,28,67,58,1,2024-25
2024-25,1610612752,NYK,New York Knicks,0022400081,2024-10-25T00:00:00,NYK vs. IND,W,48.0,44,84,0.524,12,27,0.444,23,29,0.793,11,32,43,19,12.0,5,4,6,18,24,123,25.0,1,1,1,1,9,33,62,22,39,67,13,11,8,48,36,35,33,77,27,70,27,51,46,7,21,9,1,2024-25
2024-25,1610612752,NYK,New York Knicks,0022400061,2024-10-22T00:00:00,NYK @ BOS,L,48.0,43,78,0.551,11,30,0.367,12,16,0.75,5,29,34,20,12.0,2,3,3,12,15,109,-23.0,1,52,52,52,9,40,77,10,46,57,45,61,59,62,79,55,77,70,27,82,41,10,1,68,56,79,1,2024-25
